City_ID,City,Lat,Lng,Max Temp,Humidity,Cloudiness,Wind Speed,Country,Date
0,Rikitea,-23.1203,-134.9692,79.45,68,100,4.99,PF,2023-02-14 02:33:14
1,Saint-Philippe,-21.3585,55.7679,74.79,89,47,12.1,RE,2023-02-14 02:33:15
2,Jamestown,42.097,-79.2353,35.24,83,0,11.5,US,2023-02-14 02:32:50
3,Yellowknife,62.456,-114.3525,-15.45,76,75,9.22,CA,2023-02-14 02:33:16
4,Busselton,-33.65,115.3333,75.72,46,0,14.03,AU,2023-02-14 02:33:16
5,Lebu,-37.6167,-73.65,56.93,88,83,5.77,CL,2023-02-14 02:33:17
6,Bereznik,62.8551,42.7072,23.22,98,100,3.24,RU,2023-02-14 02:33:17
7,Albany,42.6001,-73.9662,43.57,56,100,1.01,US,2023-02-14 02:33:17
8,Dudinka,69.4058,86.1778,7.63,94,100,19.53,RU,2023-02-14 02:33:18
9,Chulman,56.8479,124.9104,-20.79,92,84,1.3,RU,2023-02-14 02:33:18
10,Bredasdorp,-34.5322,20.0403,67.68,91,0,2.62,ZA,2023-02-14 02:33:19
11,Butaritari,3.0707,172.7902,81.7,70,100,14.34,KI,2023-02-14 02:33:20
12,Tuktoyaktuk,69.4541,-133.0374,-16.6,76,40,13.8,CA,2023-02-14 02:33:20
13,Ushuaia,-54.8,-68.3,40.66,87,100,5.75,AR,2023-02-14 02:32:09
14,Punta Arenas,-53.15,-70.9167,44.71,76,20,17.27,CL,2023-02-14 02:30:30
15,Atuona,-9.8,-139.0333,79.43,79,3,18.14,PF,2023-02-14 02:33:21
16,Kodiak,57.79,-152.4072,24.31,50,0,3.44,US,2023-02-14 02:33:21
17,Ternate,0.8,127.4,81.0,83,100,16.58,ID,2023-02-14 02:33:22
18,Ucluelet,48.9329,-125.5528,41.09,72,13,5.99,CA,2023-02-14 02:33:22
19,Puerto Ayora,-0.7393,-90.3518,78.55,92,37,1.01,EC,2023-02-14 02:30:04
20,Autazes,-3.5797,-59.1306,74.55,97,92,2.26,BR,2023-02-14 02:33:22
21,Pangnirtung,66.1451,-65.7125,-33.18,92,67,3.87,CA,2023-02-14 02:33:23
22,Jalu,29.0331,21.5482,52.83,59,90,8.3,LY,2023-02-14 02:33:23
23,Hobart,-42.8794,147.3294,72.05,48,75,6.91,AU,2023-02-14 02:33:24
24,Brae,60.3964,-1.353,43.75,90,87,14.47,GB,2023-02-14 02:33:24
25,Phalaborwa,-23.943,31.1411,74.48,95,100,8.14,ZA,2023-02-14 02:33:25
26,Cape Town,-33.9258,18.4232,71.89,89,75,8.01,ZA,2023-02-14 02:33:25
27,Alice Springs,-23.7,133.8833,94.55,40,0,17.27,AU,2023-02-14 02:31:34
28,Vila Franca Do Campo,37.7167,-25.4333,50.41,62,4,15.17,PT,2023-02-14 02:33:26
29,Bambous Virieux,-20.3428,57.7575,77.25,88,75,8.05,MU,2023-02-14 02:33:26
30,Stromness,58.965,-3.296,37.36,81,12,11.52,GB,2023-02-14 02:33:26
31,Kahului,20.8947,-156.47,78.82,75,40,16.11,US,2023-02-14 02:33:27
32,Mar Del Plata,-38.0023,-57.5575,69.1,88,0,2.3,AR,2023-02-14 02:30:21
33,Hermanus,-34.4187,19.2345,65.8,92,0,4.97,ZA,2023-02-14 02:33:28
34,Pocosol,10.3667,-84.6167,73.29,93,72,7.58,CR,2023-02-14 02:33:28
35,Wilmington,34.2257,-77.9447,53.85,75,0,4.61,US,2023-02-14 02:33:28
36,Esperance,-33.8667,121.9,86.49,39,64,6.82,AU,2023-02-14 02:33:29
37,Bengkulu,-3.8004,102.2655,82.13,67,74,5.95,ID,2023-02-14 02:33:29
38,Yar-Sale,66.8333,70.8333,-0.22,100,93,8.63,RU,2023-02-14 02:33:29
39,Mataura,-46.1927,168.8643,80.49,24,0,3.38,NZ,2023-02-14 02:33:30
40,Hilo,19.7297,-155.09,76.73,78,40,12.66,US,2023-02-14 02:33:30
41,Qaqortoq,60.7167,-46.0333,-1.91,82,40,3.89,GL,2023-02-14 02:33:30
42,Syracuse,37.0881,15.2792,42.31,76,47,8.03,IT,2023-02-14 02:32:57
43,Bluff,-46.6,168.3333,64.72,71,4,10.96,NZ,2023-02-14 02:33:31
44,Nikolskoye,59.7035,30.7861,33.78,82,99,13.47,RU,2023-02-14 02:33:31
45,Vaini,-21.2,-175.2,78.96,94,100,5.75,TO,2023-02-14 02:33:32
46,Richards Bay,-28.783,32.0377,73.71,96,20,5.35,ZA,2023-02-14 02:34:32
47,Qaanaaq,77.484,-69.3632,-24.14,63,80,5.75,GL,2023-02-14 02:34:32
48,Upernavik,72.7868,-56.1549,-28.1,93,35,3.6,GL,2023-02-14 02:34:33
49,Tasiilaq,65.6145,-37.6368,28.56,95,100,5.44,GL,2023-02-14 02:34:33
50,Chernyshevskiy,63.0128,112.4714,-7.82,99,100,1.97,RU,2023-02-14 02:34:34
51,Kapaa,22.0752,-159.319,76.1,78,40,18.41,US,2023-02-14 02:34:34
52,Faanui,-16.4833,-151.75,82.24,74,13,11.7,PF,2023-02-14 02:34:34
53,Ilulissat,69.2167,-51.1,-37.03,83,11,5.1,GL,2023-02-14 02:34:35
54,Saint-Augustin,51.226,-58.6502,-1.53,91,87,8.23,CA,2023-02-14 02:34:35
55,Guerrero Negro,27.9769,-114.0611,58.42,74,0,14.67,MX,2023-02-14 02:30:04
56,Norman Wells,65.282,-126.8329,-11.16,77,100,17.27,CA,2023-02-14 02:34:36
57,Clyde River,70.4692,-68.5914,-36.17,67,75,4.61,CA,2023-02-14 02:34:36
58,Leningradskiy,69.3833,178.4167,-24.18,96,100,9.17,RU,2023-02-14 02:34:36
59,Sechenovo,55.2244,45.8906,15.4,94,100,10.76,RU,2023-02-14 02:34:37
60,Sitka,57.0531,-135.33,31.89,80,100,4.61,US,2023-02-14 02:34:37
61,Carnarvon,-24.8667,113.6333,82.38,59,3,16.75,AU,2023-02-14 02:34:37
62,Marawi,7.9986,124.2928,74.52,86,100,2.3,PH,2023-02-14 02:34:38
63,Turbat,26.0023,63.044,66.85,44,99,1.32,PK,2023-02-14 02:34:39
64,Gat,31.61,34.7642,46.4,65,0,5.55,IL,2023-02-14 02:34:00
65,Dikson,73.5069,80.5464,5.54,95,100,16.2,RU,2023-02-14 02:34:39
66,Olafsvik,64.8945,-23.7142,40.44,78,100,29.66,IS,2023-02-14 02:34:40
67,New Norfolk,-42.7826,147.0587,71.71,32,42,1.34,AU,2023-02-14 02:34:40
68,Cerrito,6.8432,-72.694,55.0,91,100,3.36,CO,2023-02-14 02:34:40
69,Thompson,55.7435,-97.8558,14.16,85,100,8.05,CA,2023-02-14 02:34:41
70,Tashtagol,52.7657,87.8894,9.1,96,100,0.78,RU,2023-02-14 02:34:41
71,Luderitz,-26.6481,15.1594,63.01,72,1,9.75,NA,2023-02-14 02:34:42
72,Castro,-24.7911,-50.0119,64.04,95,58,3.06,BR,2023-02-14 02:34:42
73,Tautira,-17.7333,-149.15,80.6,79,17,11.05,PF,2023-02-14 02:34:42
74,Aksu,41.1231,80.2644,29.7,57,79,1.92,CN,2023-02-14 02:34:43
75,Inhambane,-23.865,35.3833,77.76,91,54,9.46,MZ,2023-02-14 02:34:43
76,Fairbanks,64.8378,-147.7164,-0.06,75,75,0.0,US,2023-02-14 02:30:49
77,East London,-33.0153,27.9116,72.1,91,3,10.76,ZA,2023-02-14 02:34:45
78,Pemba,-12.974,40.5178,79.5,94,75,6.91,MZ,2023-02-14 02:34:45
79,Jeremoabo,-10.075,-38.4808,70.57,88,85,6.6,BR,2023-02-14 02:34:38
80,Kristiansund,63.1115,7.732,39.85,75,0,2.3,NO,2023-02-14 02:32:57
81,Karasburg,-28.0167,18.75,67.57,31,0,6.08,NA,2023-02-14 02:34:46
82,Tuatapere,-46.1333,167.6833,70.32,56,12,8.95,NZ,2023-02-14 02:34:46
83,Ambilobe,-13.2,49.05,72.21,94,99,1.99,MG,2023-02-14 02:34:47
84,Puerto Ayacucho,5.6639,-67.6236,78.17,75,87,3.29,VE,2023-02-14 02:33:59
85,Cassilandia,-19.1133,-51.7342,71.19,95,100,2.26,BR,2023-02-14 02:34:47
86,Cherskiy,68.75,161.3,-26.05,94,100,5.64,RU,2023-02-14 02:34:48
87,Strezhevoy,60.7333,77.5889,1.54,96,100,8.59,RU,2023-02-14 02:34:48
88,Kruisfontein,-34.0033,24.7314,70.18,93,99,3.09,ZA,2023-02-14 02:34:48
89,Galveston,29.3669,-94.9669,62.71,86,0,12.66,US,2023-02-14 02:34:48
90,Saldanha,-33.0117,17.9442,64.45,98,43,6.71,ZA,2023-02-14 02:34:49
91,San Andres,12.5847,-81.7006,80.62,74,40,12.66,CO,2023-02-14 02:34:50
92,Port Elizabeth,-33.918,25.5701,73.69,88,100,6.91,ZA,2023-02-14 02:31:03
93,Havre-Saint-Pierre,50.2334,-63.5986,10.4,66,0,10.36,CA,2023-02-14 02:35:50
94,Touros,-5.1989,-35.4608,80.26,78,93,13.65,BR,2023-02-14 02:35:51
95,Aklavik,68.2191,-135.0107,-26.43,98,95,4.36,CA,2023-02-14 02:35:51
96,Sechura,-5.5569,-80.8222,77.9,68,100,9.78,PE,2023-02-14 02:35:52
97,Georgetown,5.4112,100.3354,84.13,74,20,8.05,MY,2023-02-14 02:32:08
98,Camacha,33.0833,-16.3333,56.62,88,20,5.75,PT,2023-02-14 02:35:52
99,Florianopolis,-27.6146,-48.5012,78.03,89,40,10.36,BR,2023-02-14 02:35:53
100,Itarema,-2.9248,-39.9167,78.76,85,99,10.02,BR,2023-02-14 02:35:18
101,Fethiye,36.6217,29.1164,44.47,53,3,7.52,TR,2023-02-14 02:35:53
102,Bognor Regis,50.7821,-0.6798,45.73,96,95,8.16,GB,2023-02-14 02:35:54
103,Zhangye,38.9342,100.4517,29.75,41,0,5.61,CN,2023-02-14 02:35:54
104,Saint George,37.1041,-113.5841,54.19,37,20,11.5,US,2023-02-14 02:35:55
105,Chokurdakh,70.6333,147.9167,-33.39,98,96,3.09,RU,2023-02-14 02:35:55
106,Birao,10.2849,22.7882,71.4,20,4,10.87,CF,2023-02-14 02:35:55
107,Bhindar,24.5,74.1833,50.25,14,0,2.98,IN,2023-02-14 02:35:56
108,Bulgan,48.8125,103.5347,10.22,75,41,2.39,MN,2023-02-14 02:35:56
109,Caravelas,-17.7125,-39.2481,74.89,93,40,4.07,BR,2023-02-14 02:35:56
110,Bara,10.3744,10.7288,67.48,24,24,8.9,NG,2023-02-14 02:35:57
111,Orange Cove,36.6244,-119.3137,60.46,66,0,0.0,US,2023-02-14 02:35:57
112,Heishan,41.6892,122.1128,26.28,34,0,16.62,CN,2023-02-14 02:35:58
113,Khudumelapye,-23.8833,24.75,67.59,86,92,7.54,BW,2023-02-14 02:35:58
114,Morant Bay,17.8815,-76.4093,80.22,80,0,5.91,JM,2023-02-14 02:35:58
115,Soloneshnoye,51.6544,84.3197,3.31,85,20,4.63,RU,2023-02-14 02:35:59
116,Port Augusta,-32.5,137.7667,85.59,17,0,1.99,AU,2023-02-14 02:35:59
117,Baykit,61.67,96.37,1.22,95,100,1.28,RU,2023-02-14 02:36:00
118,Yagodnoye,62.55,149.6667,-22.32,92,100,2.35,RU,2023-02-14 02:36:00
119,Cabo San Lucas,22.8909,-109.9124,66.61,67,20,8.05,MX,2023-02-14 02:34:48
120,Hovd,48.0056,91.6419,6.31,74,99,0.51,MN,2023-02-14 02:36:00
121,Port-Cartier,50.0334,-66.8654,10.08,92,100,10.29,CA,2023-02-14 02:36:01
122,Kharhial,20.2833,82.7667,70.52,14,0,3.0,IN,2023-02-14 02:36:01
123,Bethel,41.3712,-73.414,49.87,51,100,3.44,US,2023-02-14 02:31:03
124,Airai,-8.9266,125.4092,67.44,82,100,4.9,TL,2023-02-14 02:36:02
125,Maceio,-9.6658,-35.7353,74.64,94,0,2.3,BR,2023-02-14 02:36:02
126,Palauig,15.435,119.9045,81.09,63,77,6.87,PH,2023-02-14 02:36:03
127,Khatanga,71.9667,102.5,10.78,91,100,14.7,RU,2023-02-14 02:36:04
128,Barrow,71.2906,-156.7887,-14.78,84,75,5.75,US,2023-02-14 02:36:04
129,San Vicente,-26.6167,-54.1333,69.96,85,0,4.29,AR,2023-02-14 02:36:04
130,Zyryanovsk,49.7386,84.2719,-8.95,97,70,1.74,KZ,2023-02-14 02:36:05
131,Birnin Kebbi,12.4539,4.1975,72.63,21,0,15.77,NG,2023-02-14 02:36:05
132,Kutum,14.2,24.6667,55.76,32,81,6.06,SD,2023-02-14 02:36:05
133,Florence,43.7667,11.25,43.3,86,0,2.3,IT,2023-02-14 02:32:38
134,Hokitika,-42.7167,170.9667,70.59,52,100,10.04,NZ,2023-02-14 02:33:13
135,Hami,42.8,93.45,34.65,42,23,1.52,CN,2023-02-14 02:36:06
136,Eureka,40.8021,-124.1637,46.2,84,56,11.99,US,2023-02-14 02:34:41
137,Saskylakh,71.9167,114.0833,-3.01,97,100,6.15,RU,2023-02-14 02:36:07
138,Sakaiminato,35.55,133.2333,42.78,52,75,8.05,JP,2023-02-14 02:36:07
139,Barao De Melgaco,-16.1944,-55.9675,74.05,96,100,3.0,BR,2023-02-14 02:36:08
140,Boende,-0.2167,20.8667,72.14,83,100,1.86,CD,2023-02-14 02:36:08
141,Acajutla,13.5928,-89.8275,77.63,68,1,8.3,SV,2023-02-14 02:37:08
142,Ozernovskiy,51.5,156.5167,27.99,83,100,7.27,RU,2023-02-14 02:37:09
143,Vanavara,60.34,102.2797,-2.6,99,100,2.3,RU,2023-02-14 02:37:09
144,Lima,-12.0432,-77.0282,79.9,74,0,10.36,PE,2023-02-14 02:32:26
145,Krasnoselkup,65.7,82.4667,8.82,94,100,16.24,RU,2023-02-14 02:37:10
146,Mahajanga,-15.7167,46.3167,75.22,94,40,3.44,MG,2023-02-14 02:37:11
147,Hudson Bay,52.85,-102.3842,30.63,90,77,9.04,CA,2023-02-14 02:37:11
148,Sevojno,43.845,19.8986,30.04,95,95,3.76,RS,2023-02-14 02:37:12
149,Grand Gaube,-20.0064,57.6608,77.4,79,15,7.0,MU,2023-02-14 02:37:12
150,Grindavik,63.8424,-22.4338,42.75,81,75,20.71,IS,2023-02-14 02:37:12
151,Port Alfred,-33.5906,26.891,71.19,97,21,13.53,ZA,2023-02-14 02:37:13
152,Pisco,-13.7,-76.2167,77.05,78,20,13.8,PE,2023-02-14 02:37:13
153,Beamsville,43.1668,-79.4829,37.62,77,58,9.22,CA,2023-02-14 02:37:14
154,Pevek,69.7008,170.3133,-35.77,100,100,6.98,RU,2023-02-14 02:37:14
155,Avarua,-21.2078,-159.775,84.25,74,40,8.05,CK,2023-02-14 02:37:15
156,Barra Do Garcas,-15.89,-52.2567,74.97,85,81,1.92,BR,2023-02-14 02:37:15
157,Kapit,2.0167,112.9333,83.64,66,100,0.34,MY,2023-02-14 02:36:39
158,Haines Junction,60.7522,-137.5108,12.15,52,77,5.75,CA,2023-02-14 02:37:16
159,Kentau,43.5206,68.5094,29.39,88,93,4.88,KZ,2023-02-14 02:37:16
160,Rehoboth,-23.3167,17.0833,68.04,27,62,2.73,NA,2023-02-14 02:37:17
161,Oriximina,-1.7656,-55.8661,76.89,84,99,3.06,BR,2023-02-14 02:37:17
162,Tilichiki,60.4667,166.1,1.71,82,100,9.28,RU,2023-02-14 02:37:17
163,Colotlan,22.1,-103.2667,57.36,41,72,5.12,MX,2023-02-14 02:37:18
164,Arraial Do Cabo,-22.9661,-42.0278,76.37,91,100,10.02,BR,2023-02-14 02:37:18
165,Camana,-16.6228,-72.7111,75.69,85,91,3.11,PE,2023-02-14 02:37:19
166,Chuy,-33.6971,-53.4616,80.19,65,99,5.57,UY,2023-02-14 02:37:19
167,Inuvik,68.3499,-133.7218,-22.79,75,20,5.75,CA,2023-02-14 02:37:19
168,Tombouctou,20.0,-3.0,68.99,19,48,18.16,ML,2023-02-14 02:37:20
169,Narsaq,60.9167,-46.05,8.82,88,79,1.12,GL,2023-02-14 02:37:20
170,Paramonga,-10.6667,-77.8333,74.28,86,100,9.4,PE,2023-02-14 02:37:20
171,Cayenne,4.9333,-52.3333,75.24,94,75,2.3,GF,2023-02-14 02:37:21
172,Botou,38.0667,116.5667,39.31,26,46,8.5,CN,2023-02-14 02:33:09
173,La Roda,39.2167,-2.15,42.53,92,100,15.05,ES,2023-02-14 02:37:21
174,Tiksi,71.6872,128.8694,-23.76,96,100,3.65,RU,2023-02-14 02:37:22
175,Ruteng,-8.6136,120.4721,68.13,84,100,2.89,ID,2023-02-14 02:37:22
176,Altinopolis,-21.0256,-47.3739,69.15,94,53,3.36,BR,2023-02-14 02:37:23
177,Christchurch,-43.5333,172.6333,69.42,62,40,14.97,NZ,2023-02-14 02:37:23
178,Kavaratti,10.5669,72.642,80.29,66,6,3.15,IN,2023-02-14 02:37:24
179,Alpena,45.0617,-83.4327,34.12,87,0,5.75,US,2023-02-14 02:33:31
180,Lensk,60.7253,114.9278,4.96,94,98,5.44,RU,2023-02-14 02:37:24
181,Nemuro,43.3236,145.575,24.46,64,100,15.66,JP,2023-02-14 02:37:24
182,Villanueva De Cordoba,38.3228,-4.6287,39.16,80,90,4.7,ES,2023-02-14 02:37:25
183,Alta Floresta,-9.8756,-56.0861,75.94,84,98,2.39,BR,2023-02-14 02:37:25
184,Senanga,-16.1167,23.2667,65.14,95,46,3.02,ZM,2023-02-14 02:37:26
185,Necochea,-38.5473,-58.7368,63.09,83,0,10.94,AR,2023-02-14 02:37:26
186,Petrivka,46.9695,30.9591,37.54,91,100,15.12,UA,2023-02-14 02:37:27
187,Dunedin,-45.8742,170.5036,64.8,74,8,5.01,NZ,2023-02-14 02:33:02
188,Katsuura,35.1333,140.3,44.78,48,99,10.4,JP,2023-02-14 02:37:27
189,Northam,51.0333,-4.2167,46.26,93,2,9.8,GB,2023-02-14 02:37:29
190,Yamachiche,46.2668,-72.8324,28.53,82,100,12.66,CA,2023-02-14 02:38:29
191,Havelock,34.8791,-76.9013,55.38,81,0,5.75,US,2023-02-14 02:38:30
192,Newport,51.5877,-2.9984,43.12,92,2,2.26,GB,2023-02-14 02:38:30
193,Magistralnyy,56.1725,107.4458,1.6,95,100,2.17,RU,2023-02-14 02:38:31
194,Nome,64.5011,-165.4064,-5.73,77,100,6.91,US,2023-02-14 02:38:31
195,Trairi,-3.2778,-39.2689,77.7,88,100,7.81,BR,2023-02-14 02:36:41
196,Husavik,66.0449,-17.3389,39.15,64,91,15.95,IS,2023-02-14 02:38:32
197,Bowen,-20.0167,148.2333,84.61,60,99,10.0,AU,2023-02-14 02:38:32
198,Khandyga,62.6667,135.6,-33.47,94,90,1.59,RU,2023-02-14 02:38:33
199,Vejalpur,22.6833,73.5667,67.73,17,0,7.47,IN,2023-02-14 02:38:33
200,Lerwick,60.1545,-1.1494,44.6,87,90,17.87,GB,2023-02-14 02:38:34
201,Morondava,-20.2833,44.2833,76.51,87,6,4.81,MG,2023-02-14 02:38:34
202,Ende,-8.8432,121.6623,80.06,81,100,3.47,ID,2023-02-14 02:38:35
203,Olinda,-8.0089,-34.8553,80.33,78,40,10.36,BR,2023-02-14 02:38:35
204,Port Blair,11.6667,92.75,77.04,73,2,2.3,IN,2023-02-14 02:38:35
205,Hobyo,5.3505,48.5268,76.75,68,97,14.36,SO,2023-02-14 02:38:36
206,Catuday,16.2923,119.8062,78.73,68,97,6.62,PH,2023-02-14 02:38:36
207,San Rafael,-34.6177,-68.3301,74.14,31,0,4.74,AR,2023-02-14 02:38:37
208,Mareeba,-17.0,145.4333,81.32,63,100,4.34,AU,2023-02-14 02:38:37
209,Znamenskoye,57.1281,73.8282,-4.67,96,97,6.2,RU,2023-02-14 02:38:37
210,Karratha,-20.7377,116.8463,95.47,43,67,9.48,AU,2023-02-14 02:38:38
211,Voineasa,44.2833,24.1333,29.37,86,68,6.91,RO,2023-02-14 02:38:38
212,Atambua,-9.1061,124.8925,76.3,87,100,7.92,ID,2023-02-14 02:38:39
213,Nishihara,26.1842,127.7558,62.26,82,100,19.57,JP,2023-02-14 02:38:39
214,Rio Gallegos,-51.6226,-69.2181,42.85,87,0,13.8,AR,2023-02-14 02:38:39
215,Ahipara,-35.1667,173.1667,67.55,79,100,26.69,NZ,2023-02-14 02:38:40
216,Bayir,37.2687,28.2167,28.92,56,0,4.07,TR,2023-02-14 02:38:41
217,College,64.8569,-147.8028,-0.08,74,75,0.0,US,2023-02-14 02:38:41
218,Sioux Lookout,50.1001,-91.917,32.07,59,100,11.5,CA,2023-02-14 02:38:42
219,Jonuta,18.0833,-92.1333,66.6,91,0,6.06,MX,2023-02-14 02:38:42
220,Port-Gentil,-0.7193,8.7815,81.63,76,100,7.02,GA,2023-02-14 02:38:42
221,Rafai,4.95,23.9167,69.08,32,38,3.0,CF,2023-02-14 02:38:43
222,Huarmey,-10.0681,-78.1522,74.52,86,100,9.57,PE,2023-02-14 02:38:43
223,Sibolga,1.7427,98.7792,83.61,65,67,2.24,ID,2023-02-14 02:38:45
224,Dingzhou,38.5131,114.9956,39.31,43,100,3.53,CN,2023-02-14 02:38:45
225,Yamethin,20.4333,96.15,80.38,24,0,3.29,MM,2023-02-14 02:38:46
226,Sao Jose Do Campestre,-6.3156,-35.7139,75.16,88,99,6.4,BR,2023-02-14 02:38:46
227,Oristano,39.9,8.6,42.4,90,1,5.55,IT,2023-02-14 02:38:47
228,Lompoc,34.6391,-120.4579,53.85,80,75,11.99,US,2023-02-14 02:34:08
229,Meulaboh,4.1363,96.1285,80.06,81,92,6.13,ID,2023-02-14 02:38:47
230,Suihua,46.6406,126.9969,7.74,79,10,12.21,CN,2023-02-14 02:38:47
231,Tual,-5.6667,132.75,82.9,78,100,19.6,ID,2023-02-14 02:38:48
232,Tarare,45.8976,4.4327,32.02,77,0,1.7,FR,2023-02-14 02:38:48
233,Artvin,41.1667,41.8333,11.35,88,42,4.25,TR,2023-02-14 02:38:48
234,Ancud,-41.8697,-73.8203,52.27,82,75,6.64,CL,2023-02-14 02:38:49
235,Asau,46.4333,26.4,34.72,90,74,6.6,RO,2023-02-14 02:39:49
236,Altay,47.8667,88.1167,15.01,81,82,4.45,CN,2023-02-14 02:39:50
237,Taoudenni,22.6783,-3.9836,66.96,26,99,17.81,ML,2023-02-14 02:39:50
238,Victoria,22.2855,114.1577,65.25,69,97,13.0,HK,2023-02-14 02:39:51
239,Lasa,46.6166,10.7002,40.08,35,0,2.42,IT,2023-02-14 02:39:51
240,Okahandja,-21.9833,16.9167,67.41,31,30,4.83,NA,2023-02-14 02:39:51
241,Margate,51.3813,1.3862,42.69,96,2,1.01,GB,2023-02-14 02:39:52
242,Svetlyy,54.675,20.1347,37.45,93,61,9.28,RU,2023-02-14 02:39:52
243,Olden,61.8364,6.8064,41.74,82,15,10.63,NO,2023-02-14 02:39:53
244,La Romana,18.4273,-68.9728,70.16,94,20,0.0,DO,2023-02-14 02:39:53
245,Cabatuan,10.8794,122.486,80.6,77,100,14.88,PH,2023-02-14 02:39:54
246,Paripiranga,-10.6875,-37.8617,70.93,82,86,5.66,BR,2023-02-14 02:39:54
247,Coihaique,-45.5752,-72.0662,43.41,81,0,4.61,CL,2023-02-14 02:38:10
248,Athabasca,54.7169,-113.2854,21.61,84,99,12.88,CA,2023-02-14 02:39:55
249,Launceston,-41.45,147.1667,74.61,39,13,4.0,AU,2023-02-14 02:39:55
250,Santa Flavia,38.085,13.5351,49.37,70,0,4.0,IT,2023-02-14 02:39:56
251,Conde,-7.2597,-34.9075,80.06,83,40,5.75,BR,2023-02-14 02:37:54
252,Korla,41.7597,86.1469,30.47,55,6,2.62,CN,2023-02-14 02:39:56
253,Severo-Kurilsk,50.6789,156.125,27.68,87,100,13.38,RU,2023-02-14 02:39:57
254,Mahanoro,-19.9,48.8,72.68,87,2,6.58,MG,2023-02-14 02:39:57
255,Buraydah,26.326,43.975,52.25,49,100,16.51,SA,2023-02-14 02:39:57
256,Palmer,42.1584,-72.3287,41.52,70,100,3.44,US,2023-02-14 02:39:58
257,Ormara,25.2088,64.6357,70.75,55,0,8.75,PK,2023-02-14 02:39:58
258,Bykovo,55.6361,38.0803,34.32,89,75,13.42,RU,2023-02-14 02:39:59
259,Daru,-9.0763,143.2092,90.27,58,95,3.71,PG,2023-02-14 02:39:59
260,Fortuna,40.5982,-124.1573,45.93,83,75,14.97,US,2023-02-14 02:39:46
261,Biu,10.6129,12.1946,65.41,29,22,9.55,NG,2023-02-14 02:39:59
262,San Cristobal,7.7669,-72.225,69.98,88,34,1.48,VE,2023-02-14 02:40:00
263,Tammisaari,59.9736,23.4339,34.9,80,56,9.35,FI,2023-02-14 02:40:01
264,Kousseri,12.0769,15.0306,69.76,23,66,8.05,CM,2023-02-14 02:40:01
265,Miri,4.4148,114.0089,84.34,74,20,2.3,MY,2023-02-14 02:40:02
266,Ponta Do Sol,32.6667,-17.1,62.71,67,90,3.22,PT,2023-02-14 02:40:02
267,Noumea,-22.2763,166.4572,84.0,99,9,10.54,NC,2023-02-14 02:40:03
268,Mehamn,71.0357,27.8492,30.11,80,100,12.66,NO,2023-02-14 02:40:04
269,Marica,-22.9194,-42.8186,75.15,90,98,2.35,BR,2023-02-14 02:40:04
270,Cidreira,-30.1811,-50.2056,77.22,83,0,16.67,BR,2023-02-14 02:40:05
271,Port Hardy,50.6996,-127.4199,33.98,86,100,3.44,CA,2023-02-14 02:40:05
272,Octeville,49.6261,-1.6435,39.69,81,0,9.22,FR,2023-02-14 02:40:06
273,Le Port,-20.9373,55.2919,76.96,84,14,6.24,RE,2023-02-14 02:40:06
274,Karpathos,35.507,27.2132,49.96,66,6,11.5,GR,2023-02-14 02:40:07
275,Punta,8.9897,125.34,80.82,80,100,4.52,PH,2023-02-14 02:40:07
276,Yining,29.0361,114.5636,40.28,93,100,1.92,CN,2023-02-14 02:40:08
277,Raudeberg,61.9875,5.1352,43.86,74,32,19.98,NO,2023-02-14 02:40:09
278,Nhulunbuy,-12.2333,136.7667,83.01,83,100,11.5,AU,2023-02-14 02:40:09
279,Catamarca,-28.4696,-65.7852,77.4,74,12,13.73,AR,2023-02-14 02:40:50
280,Ouadda,8.0777,22.4007,66.54,26,29,5.06,CF,2023-02-14 02:41:10
281,Iqaluit,63.7506,-68.5145,-27.67,66,40,1.99,CA,2023-02-14 02:36:37
282,Abonnema,4.7084,6.7931,79.81,82,56,3.4,NG,2023-02-14 02:41:10
283,Lagos,6.5833,3.75,79.12,88,69,2.93,NG,2023-02-14 02:37:21
284,Amarkantak,22.6667,81.75,61.0,14,0,5.68,IN,2023-02-14 02:41:11
285,Pacific Grove,36.6177,-121.9166,52.52,79,40,23.0,US,2023-02-14 02:41:11
286,Ledyard,41.4398,-72.0142,42.19,81,75,6.91,US,2023-02-14 02:41:11
287,Benjamin Aceval,-24.9667,-57.5667,80.74,86,0,6.93,PY,2023-02-14 02:41:12
288,Kamenka,51.3223,42.7678,22.91,96,100,10.63,RU,2023-02-14 02:41:12
289,Tuzla,44.5428,18.6694,30.16,100,78,1.14,BA,2023-02-14 02:41:12
290,Los Llanos De Aridane,28.6585,-17.9182,56.95,67,0,4.61,ES,2023-02-14 02:41:13
291,Broome,42.2506,-75.833,41.45,65,75,18.41,US,2023-02-14 02:41:13
292,Flinders,-34.5833,150.8552,69.19,87,99,1.99,AU,2023-02-14 02:41:14
293,Provideniya,64.3833,-173.3,-9.29,64,75,11.01,RU,2023-02-14 02:41:14
294,Dakar,14.6937,-17.4441,77.88,76,99,23.94,SN,2023-02-14 02:41:15
295,Mitu,1.1983,-70.1733,71.42,98,93,2.04,CO,2023-02-14 02:41:15
296,Glenwood Springs,39.5505,-107.3248,36.63,93,100,4.61,US,2023-02-14 02:41:16
297,Hirara,24.8,125.2833,62.46,100,75,28.77,JP,2023-02-14 02:41:16
298,Netanya,32.3329,34.8599,44.04,59,3,8.81,IL,2023-02-14 02:40:19
299,Peleduy,59.6289,112.7406,4.66,96,100,2.26,RU,2023-02-14 02:41:17
300,Samana,19.2056,-69.3369,73.36,85,0,4.0,DO,2023-02-14 02:41:17
301,Deputatskiy,69.3,139.9,-38.99,95,16,2.91,RU,2023-02-14 02:41:18
302,Tura,25.5198,90.2201,68.92,26,0,2.17,IN,2023-02-14 02:41:18
303,Okhotsk,59.3833,143.3,-5.37,71,42,18.72,RU,2023-02-14 02:41:19
304,Henties Bay,-22.116,14.2845,64.04,91,11,4.34,NA,2023-02-14 02:41:19
305,Bozdar,27.1828,68.636,66.74,23,78,2.17,PK,2023-02-14 02:41:20
306,Matola,-25.9622,32.4589,78.75,89,40,5.75,MZ,2023-02-14 02:38:27
307,Qasigiannguit,68.8193,-51.1922,-35.21,79,8,5.3,GL,2023-02-14 02:41:21
308,Bernalillo,35.05,-106.6673,41.49,84,100,20.71,US,2023-02-14 02:41:21
309,Waipawa,-41.4122,175.5153,58.5,97,100,23.55,NZ,2023-02-14 02:41:22
310,Delfzijl,53.33,6.9181,37.22,91,0,4.0,NL,2023-02-14 02:41:22
311,Tamazunchale,21.2667,-98.7833,60.8,83,1,2.77,MX,2023-02-14 02:41:23
312,Zapolyarnyy,69.4154,30.8136,22.28,87,100,4.5,RU,2023-02-14 02:41:23
313,Razdolinsk,58.4211,94.6658,5.49,91,100,2.37,RU,2023-02-14 02:41:24
314,Pitimbu,-7.4706,-34.8086,81.19,83,99,6.98,BR,2023-02-14 02:41:24
315,Taltal,-25.4,-70.4833,69.98,82,100,3.76,CL,2023-02-14 02:41:25
316,Choix,26.7092,-108.3219,55.27,55,69,3.29,MX,2023-02-14 02:41:25
317,Roald,62.5833,6.1333,43.75,81,5,3.44,NO,2023-02-14 02:41:26
318,Saint Simons,31.1352,-81.3901,55.44,52,0,4.61,US,2023-02-14 02:41:26
319,Souillac,-20.5167,57.5167,77.38,88,75,8.05,MU,2023-02-14 02:41:26
320,Faya,18.3851,42.4509,53.71,21,55,5.91,SA,2023-02-14 02:41:27
321,Mahishadal,22.1833,87.9833,69.75,26,0,5.1,IN,2023-02-14 02:41:27
322,Alofi,-19.0595,-169.9187,84.09,79,75,10.36,NU,2023-02-14 02:41:28
323,Mahebourg,-20.4081,57.7,77.29,88,75,8.05,MU,2023-02-14 02:41:28
324,Dawei,14.0833,98.2,84.0,41,4,3.74,MM,2023-02-14 02:41:29
325,Calabozo,8.9242,-67.4293,84.49,50,77,7.7,VE,2023-02-14 02:42:29
326,Madang,-5.2246,145.7966,83.03,84,97,5.44,PG,2023-02-14 02:42:30
327,Tiarei,-17.5333,-149.3333,86.02,75,19,11.79,PF,2023-02-14 02:42:30
328,Ilheus,-14.7889,-39.0494,73.8,88,21,1.12,BR,2023-02-14 02:42:31
329,Cajati,-24.7361,-48.1228,73.24,99,82,1.88,BR,2023-02-14 02:40:22
330,Lewistown,40.5992,-77.5714,47.16,62,3,13.76,US,2023-02-14 02:42:32
331,Oksfjord,70.2396,22.3479,35.78,94,100,9.98,NO,2023-02-14 02:42:33
332,Shahreza,32.0339,51.8794,40.01,82,100,3.09,IR,2023-02-14 02:42:33
333,Nagato,34.3833,131.2,45.27,58,98,11.63,JP,2023-02-14 02:42:33
334,Tharad,24.3961,71.6267,66.24,16,0,5.01,IN,2023-02-14 02:42:34
335,Billings,45.7833,-108.5007,49.77,36,100,13.8,US,2023-02-14 02:40:01
336,Fountain Hills,33.6117,-111.7174,51.57,79,40,5.75,US,2023-02-14 02:41:21
337,Beloha,-25.1667,45.05,71.85,88,0,5.93,MG,2023-02-14 02:42:34
338,Arlit,18.7369,7.3853,64.67,24,6,9.22,NE,2023-02-14 02:42:35
339,Corralillo,22.9819,-80.5856,66.56,72,0,7.16,CU,2023-02-14 02:42:35
340,San Luis,-33.295,-66.3356,73.83,42,0,7.56,AR,2023-02-14 02:40:20
341,Lithgow,-33.4833,150.15,58.14,85,100,6.91,AU,2023-02-14 02:42:36
342,Maragogi,-9.0122,-35.2225,78.1,80,55,6.2,BR,2023-02-14 02:42:36
343,Matara,5.9485,80.5353,79.03,65,0,6.71,LK,2023-02-14 02:42:36
344,Nanortalik,60.1432,-45.2371,12.88,72,16,30.96,GL,2023-02-14 02:41:49
345,Mandalgovi,45.7625,106.2708,18.03,35,100,9.69,MN,2023-02-14 02:42:37
346,Gondanglegi,-7.7479,112.0132,83.3,74,84,0.92,ID,2023-02-14 02:42:37
347,Fershampenuaz,53.5202,59.8117,9.05,92,100,6.31,RU,2023-02-14 02:42:38
348,Sao Jose Da Coroa Grande,-8.8978,-35.1478,78.21,81,59,6.33,BR,2023-02-14 02:41:49
349,Puerto Princesa,9.7392,118.7353,82.38,74,75,9.22,PH,2023-02-14 02:42:39
350,Dzaoudzi,-12.7887,45.2699,80.49,83,0,12.66,YT,2023-02-14 02:42:39
351,Bontang,0.1333,117.5,81.23,68,100,1.83,ID,2023-02-14 02:42:39
352,Nara,34.6851,135.8049,45.5,37,100,15.46,JP,2023-02-14 02:42:40
353,Yarada,17.65,83.2667,68.32,94,2,2.3,IN,2023-02-14 02:42:40
354,Ribeira Grande,38.5167,-28.7,52.77,80,100,5.99,PT,2023-02-14 02:42:35
355,Arauca,7.0847,-70.7591,76.96,83,0,0.0,CO,2023-02-14 02:42:41
356,Port Keats,-14.25,129.55,89.6,54,89,2.37,AU,2023-02-14 02:42:41
357,Poole,50.7167,-2.0,47.71,95,87,6.78,GB,2023-02-14 02:42:42
358,Torbay,47.6666,-52.7314,26.58,87,75,18.41,CA,2023-02-14 02:42:41
359,Hithadhoo,-0.6,73.0833,80.08,70,38,6.08,MV,2023-02-14 02:41:16
360,Mehran,33.1222,46.1646,46.13,41,100,7.27,IR,2023-02-14 02:42:42
361,Tahe,52.3333,124.7333,3.69,56,0,4.9,CN,2023-02-14 02:42:43
362,Calca,-13.3333,-71.95,54.75,92,100,4.12,PE,2023-02-14 02:42:43
363,Rorvik,64.8621,11.2373,42.91,87,40,10.36,NO,2023-02-14 02:42:43
364,Knysna,-34.0363,23.0471,69.82,93,83,1.86,ZA,2023-02-14 02:42:44
365,Srednekolymsk,67.45,153.6833,-35.28,95,79,3.33,RU,2023-02-14 02:42:44
366,Kalianget,-7.05,113.9333,82.51,74,96,11.03,ID,2023-02-14 02:42:45
367,Sawakin,19.1059,37.3321,71.78,76,100,14.25,SD,2023-02-14 02:40:41
368,High Level,58.5169,-117.136,3.31,85,40,16.11,CA,2023-02-14 02:39:43
369,Saint-Francois,46.4154,3.9054,26.04,86,0,0.0,FR,2023-02-14 02:42:45
370,Kibre Mengist,5.8833,38.9833,48.52,44,7,3.31,ET,2023-02-14 02:42:46
371,Zyryanka,65.75,150.85,-31.47,90,62,1.63,RU,2023-02-14 02:42:54
372,Santa Fe,-31.6333,-60.7,82.0,72,0,4.0,AR,2023-02-14 02:39:08
373,Uthal,25.8072,66.6219,68.76,35,8,4.85,PK,2023-02-14 02:43:47
374,Kaitangata,-46.2817,169.8464,68.49,62,0,18.25,NZ,2023-02-14 02:39:58
375,Yamada,39.4667,141.95,34.52,56,79,7.76,JP,2023-02-14 02:43:47
376,Plouzane,48.3833,-4.6167,44.92,90,0,9.22,FR,2023-02-14 02:43:48
377,Dingwall,57.5953,-4.4272,40.87,86,70,5.19,GB,2023-02-14 02:43:48
378,Kiunga,-6.1219,141.2906,95.58,45,65,2.04,PG,2023-02-14 02:43:49
379,Geraldton,-28.7667,114.6,79.21,61,40,13.8,AU,2023-02-14 02:41:55
380,Tuscaloosa,33.2098,-87.5692,49.08,78,0,0.0,US,2023-02-14 02:43:49
381,Erdenet,49.0333,104.0833,8.1,78,59,3.38,MN,2023-02-14 02:40:41
382,Tucumcari,35.1717,-103.725,53.94,35,100,14.97,US,2023-02-14 02:43:49
383,Bousso,10.4795,16.7117,73.06,17,85,11.16,TD,2023-02-14 02:43:50
384,Golyshmanovo,56.3979,68.3728,-2.07,97,79,7.45,RU,2023-02-14 02:43:50
385,Santa Cruz,-17.8,-63.1667,78.26,89,40,9.22,BO,2023-02-14 02:38:57
386,Bonavista,48.6499,-53.1147,22.55,70,100,15.86,CA,2023-02-14 02:43:51
387,Tabou,4.423,-7.3528,79.39,88,86,5.48,CI,2023-02-14 02:43:51
388,Porto Walter,-8.2686,-72.7439,72.57,94,98,2.21,BR,2023-02-14 02:43:52
389,The Valley,18.217,-63.0578,76.86,78,5,16.6,AI,2023-02-14 02:42:19
390,Kungurtug,50.5994,97.5228,1.99,92,23,1.07,RU,2023-02-14 02:43:52
391,Agadir,30.4202,-9.5982,57.65,75,100,18.72,MA,2023-02-14 02:43:53
392,Rexburg,43.826,-111.7897,22.98,62,100,0.0,US,2023-02-14 02:39:35
393,Bonnyville,54.2668,-110.735,20.52,83,99,15.57,CA,2023-02-14 02:43:53
394,Hamilton,39.1834,-84.5333,47.25,54,0,5.75,US,2023-02-14 02:42:31
395,Zemio,5.0314,25.1361,69.91,27,15,2.95,CF,2023-02-14 02:43:53
396,Peace River,56.2501,-117.286,17.91,73,75,8.05,CA,2023-02-14 02:43:54
397,Mangaratiba,-22.9597,-44.0406,74.26,89,94,2.26,BR,2023-02-14 02:43:54
398,Scarborough,54.2797,-0.4044,39.65,92,0,1.99,GB,2023-02-14 02:43:06
399,Pyinmana,19.7333,96.2167,79.09,32,0,3.83,MM,2023-02-14 02:43:55
400,Mount Gambier,-37.8333,140.7667,73.38,39,0,7.11,AU,2023-02-14 02:43:55
401,Ludlow,42.1601,-72.4759,42.62,69,100,4.0,US,2023-02-14 02:43:55
402,Antofagasta,-23.65,-70.4,70.88,82,49,2.84,CL,2023-02-14 02:43:56
403,Naze,28.3667,129.4833,58.12,70,100,16.89,JP,2023-02-14 02:43:56
404,Smirnykh,49.75,142.8333,3.34,68,97,12.33,RU,2023-02-14 02:43:57
405,Tefe,-3.3542,-64.7114,74.86,97,100,2.28,BR,2023-02-14 02:43:57
406,Sukhobezvodnoye,57.0491,44.8891,16.7,96,100,6.02,RU,2023-02-14 02:43:58
407,Shizunai,42.3339,142.3669,28.54,63,100,5.12,JP,2023-02-14 02:43:58
408,Guanica,17.9716,-66.908,76.05,72,1,4.83,PR,2023-02-14 02:43:59
409,Kununurra,-15.7667,128.7333,94.98,46,59,4.61,AU,2023-02-14 02:43:59
410,Puttur,12.7667,75.2167,75.31,42,14,2.37,IN,2023-02-14 02:44:00
411,Asosa,10.0667,34.5333,65.84,44,5,5.01,ET,2023-02-14 02:44:00
412,Kosa,59.9445,54.9977,14.5,93,100,8.57,RU,2023-02-14 02:44:01
413,Belmonte,-15.8631,-38.8828,75.79,83,2,4.97,BR,2023-02-14 02:45:01
414,Ingham,42.6,-84.3833,35.22,85,0,0.0,US,2023-02-14 02:45:02
415,New Sibonga,7.5609,125.9298,80.78,83,100,4.27,PH,2023-02-14 02:45:02
416,Canton,23.1167,113.25,60.75,56,61,15.5,CN,2023-02-14 02:45:00
417,Sao Filipe,14.8961,-24.4956,70.65,78,20,8.14,CV,2023-02-14 02:43:58
418,Kalabo,-14.97,22.6814,64.8,95,67,1.7,ZM,2023-02-14 02:45:03
419,Hasaki,35.7333,140.8333,45.28,44,100,12.24,JP,2023-02-14 02:45:04
420,Khani,41.9563,42.9566,20.77,93,100,4.56,GE,2023-02-14 02:45:05
421,Rawson,-43.3002,-65.1023,59.83,32,30,31.18,AR,2023-02-14 02:43:18
422,Amnat Charoen,15.9167,104.75,88.88,44,100,6.2,TH,2023-02-14 02:45:05
423,Columbia,34.0007,-81.0348,51.8,64,0,0.0,US,2023-02-14 02:44:21
424,Hervey Bay,-25.2986,152.8535,84.02,75,63,10.0,AU,2023-02-14 02:45:06
425,Pedernales,18.0384,-71.744,74.86,72,0,3.2,DO,2023-02-14 02:45:07
426,San Patricio,28.017,-97.5169,69.89,77,100,18.07,US,2023-02-14 02:45:07
427,Mokhsogollokh,61.4681,128.9203,-21.71,92,69,2.1,RU,2023-02-14 02:45:07
428,George,-33.963,22.4617,67.55,94,100,3.44,ZA,2023-02-14 02:45:08
429,Coahuayana,18.7333,-103.6833,71.19,76,5,1.07,MX,2023-02-14 02:45:09
430,Sarkand,45.41,79.9186,22.32,80,100,4.25,KZ,2023-02-14 02:41:24
431,Tashla,51.7716,52.7427,15.98,96,99,8.05,RU,2023-02-14 02:45:09
432,Mandali,33.7499,45.5541,45.25,39,100,8.37,IQ,2023-02-14 02:45:10
433,Gashua,12.871,11.0482,64.54,25,20,9.6,NG,2023-02-14 02:45:10
434,Plettenberg Bay,-34.0527,23.3716,69.26,92,92,2.28,ZA,2023-02-14 02:45:10
435,Natchez,31.5604,-91.4032,54.84,69,0,5.75,US,2023-02-14 02:45:11
436,Basco,20.4487,121.9702,76.66,72,16,12.53,PH,2023-02-14 02:45:11
437,Denpasar,-8.65,115.2167,83.86,83,40,17.27,ID,2023-02-14 02:42:51
438,Padang,-0.9492,100.3543,80.65,67,51,3.83,ID,2023-02-14 02:45:12
439,Kangaba,11.9333,-8.4167,77.13,13,3,5.68,ML,2023-02-14 02:45:12
440,Berlevag,70.8578,29.0864,30.15,69,75,12.66,NO,2023-02-14 02:45:12
441,Mantua,45.1667,10.7833,38.01,84,0,6.58,IT,2023-02-14 02:45:13
442,Broken Hill,-31.95,141.4333,78.37,22,0,13.42,AU,2023-02-14 02:44:32
443,Te Anau,-45.4167,167.7167,76.55,41,8,3.83,NZ,2023-02-14 02:45:14
444,Prieska,-29.6641,22.7474,78.58,32,0,1.36,ZA,2023-02-14 02:45:14
445,Bollnas,61.3482,16.3946,30.47,95,85,3.8,SE,2023-02-14 02:45:15
446,Bonwapitse,-23.0766,26.7037,68.02,90,97,10.02,BW,2023-02-14 02:45:15
447,Gamba,-2.65,10.0,78.46,86,100,2.46,GA,2023-02-14 02:40:34
448,Wildomar,33.5989,-117.28,53.69,85,0,8.05,US,2023-02-14 02:45:16
449,Vanimo,-2.6741,141.3028,82.33,85,66,6.51,PG,2023-02-14 02:42:43
450,Harper,4.375,-7.7169,79.66,86,63,4.81,LR,2023-02-14 02:45:16
451,Fomboni,-12.28,43.7425,81.86,69,100,3.36,KM,2023-02-14 02:45:17
452,Salalah,17.0151,54.0924,66.29,68,0,3.44,OM,2023-02-14 02:45:17
453,Menomonie,44.8755,-91.9193,37.27,93,0,3.44,US,2023-02-14 02:45:18
454,Sorland,67.667,12.6934,44.46,83,100,26.62,NO,2023-02-14 02:45:18
455,Varnavino,57.4035,45.0916,16.81,96,100,5.99,RU,2023-02-14 02:45:19
456,Isangel,-19.55,169.2667,81.77,57,12,9.13,VU,2023-02-14 02:42:29
457,Sao Joao Da Boa Vista,-21.9692,-46.7981,68.31,87,96,2.93,BR,2023-02-14 02:45:19
458,Kudahuvadhoo,2.6708,72.8944,80.08,69,12,9.55,MV,2023-02-14 02:45:20
459,Pangkalanbuun,-2.6833,111.6167,84.4,67,100,5.03,ID,2023-02-14 02:46:20
460,Kedougou,12.5579,-12.1743,78.82,21,12,5.3,SN,2023-02-14 02:46:20
461,Popondetta,-8.7537,148.2534,90.82,55,97,6.71,PG,2023-02-14 02:46:21
462,Sembakung,3.8167,117.25,87.24,60,99,1.63,ID,2023-02-14 02:46:21
463,Saint-Georges,12.0564,-61.7485,76.68,83,20,16.11,GD,2023-02-14 02:42:13
464,Tessalit,20.1986,1.0114,68.4,17,100,13.82,ML,2023-02-14 02:46:22
465,Mnogovershinnyy,53.9353,139.9242,-2.76,84,99,8.84,RU,2023-02-14 02:46:22
466,Takapau,-40.0333,176.35,64.72,95,93,6.17,NZ,2023-02-14 02:46:23
467,Fuxin,42.0156,121.6589,24.48,35,0,14.45,CN,2023-02-14 02:43:59
468,Sobolevo,54.4299,31.8996,33.13,83,100,16.02,RU,2023-02-14 02:46:23
469,Sao Joao Da Barra,-21.6403,-41.0511,76.28,91,100,15.03,BR,2023-02-14 02:46:24
470,La Palma,33.8464,-118.0467,59.05,82,0,8.05,US,2023-02-14 02:46:24
471,Yulara,-25.2406,130.9889,98.06,16,31,10.27,AU,2023-02-14 02:41:48
472,Bhatkal,13.9667,74.5667,78.62,29,99,3.22,IN,2023-02-14 02:46:25
473,Peruibe,-24.32,-46.9983,74.46,93,100,4.12,BR,2023-02-14 02:46:25
474,Mackenzie,55.2999,-123.1698,34.02,64,100,0.0,CA,2023-02-14 02:46:26
475,Malinovoye Ozero,51.6753,79.7825,-10.86,100,96,4.68,RU,2023-02-14 02:46:26
476,Saint-Pierre,-21.3393,55.4781,75.9,94,100,11.5,RE,2023-02-14 02:44:36
477,Saint-Joseph,-21.3667,55.6167,74.46,85,29,12.24,RE,2023-02-14 02:46:26
478,Ambulu,-8.345,113.6058,82.08,77,100,7.54,ID,2023-02-14 02:46:27
479,Olavarria,-36.8927,-60.3225,64.87,15,0,4.16,AR,2023-02-14 02:46:27
480,Gander,48.9682,-54.5906,8.73,84,75,6.91,CA,2023-02-14 02:45:54
481,Krasnyy Chikoy,50.3643,108.7512,9.39,85,100,1.92,RU,2023-02-14 02:46:28
482,Celendin,-6.8703,-78.1517,52.86,88,98,0.87,PE,2023-02-14 02:46:28
483,Pekalongan,-6.8886,109.6753,83.28,72,91,8.3,ID,2023-02-14 02:46:29
484,Kimbe,-5.5502,150.1429,86.29,67,100,5.46,PG,2023-02-14 02:46:29
485,Lagoa,39.05,-27.9833,55.81,56,69,23.02,PT,2023-02-14 02:46:30
486,Owase,34.0667,136.2,46.33,46,37,11.77,JP,2023-02-14 02:46:31
487,Loukhi,66.0764,33.0381,25.97,82,77,9.46,RU,2023-02-14 02:46:31
488,Mata,40.683,-7.4592,42.82,78,96,4.03,PT,2023-02-14 02:46:32
489,Laurel,39.0993,-76.8483,50.63,47,0,3.44,US,2023-02-14 02:44:59
490,Maxixe,-23.8597,35.3472,76.93,92,55,8.16,MZ,2023-02-14 02:46:32
491,Bathsheba,13.2167,-59.5167,77.61,78,40,20.71,BB,2023-02-14 02:46:33
492,Makakilo City,21.3469,-158.0858,79.12,59,0,14.97,US,2023-02-14 02:46:33
493,Sayyan,15.1718,44.3244,48.27,16,2,2.77,YE,2023-02-14 02:46:33
494,Severodvinsk,64.5635,39.8302,28.51,83,94,16.55,RU,2023-02-14 02:42:09
495,Cullman,34.1748,-86.8436,51.08,66,0,0.0,US,2023-02-14 02:45:03
496,Numan,9.4667,12.0333,70.48,23,61,3.94,NG,2023-02-14 02:46:34
497,Kushiro,42.975,144.3747,23.95,74,75,10.36,JP,2023-02-14 02:46:34
498,Laguna,38.421,-121.4238,60.78,64,0,6.91,US,2023-02-14 02:42:02
499,Qinzhou,21.95,108.6167,53.96,63,100,21.23,CN,2023-02-14 02:46:35
500,Hay River,60.8156,-115.7999,-4.02,77,75,6.91,CA,2023-02-14 02:45:39
501,Zwedru,6.0667,-8.1281,73.47,95,55,2.44,LR,2023-02-14 02:46:35
502,Chinsali,-10.5414,32.0816,61.0,97,85,2.57,ZM,2023-02-14 02:46:36
503,Clarksburg,39.2807,-80.3445,52.25,30,0,4.61,US,2023-02-14 02:46:36
504,Jasper,37.2001,-94.3502,53.04,50,0,3.44,US,2023-02-14 02:46:36
505,Pangai,-19.8,-174.35,80.71,83,75,6.91,TO,2023-02-14 02:46:37
506,Dong Hoi,17.4833,106.6,71.08,96,100,11.92,VN,2023-02-14 02:46:37
507,Nyrob,60.733,56.7202,14.5,94,100,7.43,RU,2023-02-14 02:46:37
508,Zachary,30.6485,-91.1565,62.47,70,0,9.22,US,2023-02-14 02:44:15
509,Nalut,30.3333,10.85,43.12,82,12,11.14,LY,2023-02-14 02:47:38
510,Shubarshi,48.5872,57.1869,15.85,91,100,12.68,KZ,2023-02-14 02:47:38
511,Carutapera,-1.195,-46.02,77.11,91,100,6.35,BR,2023-02-14 02:47:39
512,Yorosso,12.3536,-4.7761,78.28,14,4,12.93,ML,2023-02-14 02:47:39
513,Marsh Harbour,26.5412,-77.0636,68.7,64,77,9.73,BS,2023-02-14 02:43:21
514,Soyo,-6.1349,12.3689,78.82,83,100,5.97,AO,2023-02-14 02:47:40
515,Mvuma,-19.2792,30.5283,63.84,96,100,3.67,ZW,2023-02-14 02:47:40
516,Lerici,44.0759,9.9112,49.35,67,0,3.22,IT,2023-02-14 02:47:41
517,Erenhot,43.6475,111.9767,20.53,29,100,5.01,CN,2023-02-14 02:47:41
518,Araouane,18.9048,-3.5265,73.29,19,96,18.7,ML,2023-02-14 02:47:42
519,Siva,29.2041,25.5195,49.41,58,29,5.53,EG,2023-02-14 02:47:42
520,Thinadhoo,0.5333,72.9333,80.56,69,15,6.98,MV,2023-02-14 02:47:42
521,Tanem,63.3078,10.4319,38.03,83,93,4.29,NO,2023-02-14 02:47:43
522,Talnakh,69.4865,88.3972,6.21,94,100,13.38,RU,2023-02-14 02:47:43
523,Cantaura,9.3057,-64.3584,75.02,77,25,11.27,VE,2023-02-14 02:47:43
524,Tena,-0.9833,-77.8167,69.58,91,71,2.1,EC,2023-02-14 02:47:44
525,Zunyi,27.6867,106.9072,39.69,91,100,2.21,CN,2023-02-14 02:47:44
526,Abilene,32.4487,-99.7331,61.02,57,0,26.46,US,2023-02-14 02:46:00
527,Kupang,-10.1667,123.5833,81.18,94,75,4.61,ID,2023-02-14 02:47:45
528,America Dourada,-11.4553,-41.4361,71.31,79,13,10.96,BR,2023-02-14 02:47:46
529,Vostok,46.4856,135.8833,6.46,80,100,6.26,RU,2023-02-14 02:47:46
530,Namibe,-15.1961,12.1522,70.86,81,89,5.3,AO,2023-02-14 02:47:47
531,Tacna,-18.0056,-70.2483,70.0,68,0,3.44,PE,2023-02-14 02:47:47
532,Calama,-22.4667,-68.9333,63.09,42,0,9.22,CL,2023-02-14 02:45:37
533,Taunggyi,20.7833,97.0333,70.68,22,0,0.6,MM,2023-02-14 02:47:48
534,Codrington,-38.2667,141.9667,67.98,57,11,13.24,AU,2023-02-14 02:47:48
535,Ust-Tsilma,65.441,52.1498,17.22,94,99,7.61,RU,2023-02-14 02:47:48
536,Finote Selam,10.7,37.2667,57.15,46,0,1.45,ET,2023-02-14 02:47:49
537,Tanete,-3.9443,119.7848,87.57,55,100,13.73,ID,2023-02-14 02:47:49
538,Uvarovo,51.9849,42.2615,23.45,97,100,9.48,RU,2023-02-14 02:47:50
539,New York,40.7143,-74.006,52.14,30,0,15.99,US,2023-02-14 02:47:23
540,Longyearbyen,78.2186,15.6401,15.64,86,0,16.11,SJ,2023-02-14 02:47:50
541,Brejo Santo,-7.4933,-38.9872,79.03,61,98,0.83,BR,2023-02-14 02:43:55
542,Hvide Sande,56.0045,8.1294,41.09,80,96,8.68,DK,2023-02-14 02:47:50
543,Andenes,69.3143,16.1194,44.58,87,75,26.46,NO,2023-02-14 02:47:51
544,Flin Flon,54.7682,-101.865,27.01,98,99,2.1,CA,2023-02-14 02:47:51
545,Kashi,39.4547,75.9797,31.21,69,75,4.47,CN,2023-02-14 02:47:52
546,Ayr,55.4627,-4.6339,40.98,87,75,5.75,GB,2023-02-14 02:43:21
547,Deer Lake,49.1667,-57.4316,3.06,78,20,6.91,CA,2023-02-14 02:47:52
548,Seminole,28.7086,-81.2081,61.16,62,0,8.05,US,2023-02-14 02:47:53
549,Norwalk,33.9022,-118.0817,58.89,81,0,8.05,US,2023-02-14 02:47:05
550,Zabaykalsk,49.6333,117.3167,4.24,87,12,5.19,RU,2023-02-14 02:47:54
551,Bonthe,7.5264,-12.505,75.16,85,11,4.41,SL,2023-02-14 02:47:55
552,Chapais,49.7834,-74.8492,22.78,98,100,3.8,CA,2023-02-14 02:47:56
553,Semey,50.4111,80.2275,-23.58,69,84,2.24,KZ,2023-02-14 02:47:56
554,Constitucion,-35.3333,-72.4167,56.37,78,2,13.98,CL,2023-02-14 02:43:47
555,Mahon,39.8885,4.2658,45.16,81,75,3.44,ES,2023-02-14 02:45:51
556,Aswan,24.0934,32.907,51.1,43,0,4.61,EG,2023-02-14 02:48:57
557,Kouango,4.9934,19.9619,76.69,35,18,4.65,CF,2023-02-14 02:48:57
558,Fort Nelson,58.8053,-122.7002,0.99,81,100,6.91,CA,2023-02-14 02:48:57
559,Kerema,-7.9631,145.7785,86.25,67,38,7.2,PG,2023-02-14 02:48:58
560,Zhigansk,66.7697,123.3711,-21.28,96,100,11.36,RU,2023-02-14 02:48:58
561,Poplar Bluff,36.757,-90.3929,49.78,79,0,0.0,US,2023-02-14 02:48:59
562,Mayo,38.8876,-76.5119,51.01,44,0,6.91,US,2023-02-14 02:48:59
563,Cap Malheureux,-19.9842,57.6142,76.46,78,13,5.01,MU,2023-02-14 02:48:59
564,Kernersville,36.1199,-80.0736,53.22,40,0,6.91,US,2023-02-14 02:44:01
565,Ballina,-28.8667,153.5667,78.01,91,91,12.37,AU,2023-02-14 02:49:00
566,Bata,1.8639,9.7658,80.53,83,95,5.73,GQ,2023-02-14 02:49:00
567,Utinga,-5.8172,-35.3954,81.45,89,20,10.36,BR,2023-02-14 02:49:01
568,Paamiut,61.994,-49.6678,-5.08,82,5,11.36,GL,2023-02-14 02:49:01
569,Kirakira,-10.4544,161.9205,84.92,74,38,7.18,SB,2023-02-14 02:44:41
570,Ikalamavony,-21.15,46.5833,61.59,88,41,5.48,MG,2023-02-14 02:49:02
571,Adeje,28.1227,-16.726,61.02,66,20,5.75,ES,2023-02-14 02:49:02
572,Puerto Madryn,-42.7692,-65.0385,60.08,32,63,32.23,AR,2023-02-14 02:49:03
573,Neyshabur,36.2133,58.7958,36.63,86,99,2.08,IR,2023-02-14 02:47:15
574,Syedove,47.0768,38.156,30.22,94,100,19.33,UA,2023-02-14 02:49:03
575,Atlantis,-33.5667,18.4834,69.96,84,0,3.98,ZA,2023-02-14 02:49:04
