,City,Lat,Lng,Max Temp,Humidity,Cloudiness,Wind Speed,Country,Date
0,bredasdorp,-34.5322,20.0403,19.42,86,64,7.88,ZA,1676516299
1,kyrylivka,46.3759,35.3675,-2.07,85,97,5.08,UA,1676516300
2,naryan-mar,67.6713,53.087,-4.78,92,100,8.96,RU,1676516301
3,provideniya,64.3833,-173.3,-24.8,64,40,6.0,RU,1676516302
4,husavik,66.0449,-17.3389,-1.94,86,100,3.84,IS,1676516302
5,ushuaia,-54.8,-68.3,3.81,81,100,7.72,AR,1676516303
6,rikitea,-23.1203,-134.9692,26.27,70,100,2.62,PF,1676516304
7,flinders,-34.5833,150.8552,29.54,61,85,2.24,AU,1676516304
8,capitan bado,-23.2667,-55.5333,21.48,88,100,2.05,PY,1676516304
9,carnarvon,-24.8667,113.6333,26.04,56,0,7.44,AU,1676516180
10,itumbiara,-18.4192,-49.2153,23.17,83,96,0.49,BR,1676516173
11,punta arenas,-53.15,-70.9167,5.06,56,20,7.2,CL,1676516151
12,arraial do cabo,-22.9661,-42.0278,24.29,94,100,5.46,BR,1676516305
13,hithadhoo,-0.6,73.0833,27.22,79,30,5.09,MV,1676516307
14,kapaa,22.0752,-159.319,23.18,81,40,6.17,US,1676516307
15,upernavik,72.7868,-56.1549,-24.68,74,100,4.44,GL,1676516307
16,maniitsoq,65.4167,-52.9,-8.13,90,100,8.3,GL,1676516308
17,napasar,27.9667,73.55,21.94,18,48,0.18,IN,1676516309
18,jamestown,42.097,-79.2353,10.01,65,0,7.2,US,1676516309
19,mataura,-46.1927,168.8643,14.71,47,100,2.0,NZ,1676516310
20,bluff,-46.6,168.3333,14.89,67,93,3.7,NZ,1676516310
21,worthington,40.0931,-83.018,14.97,66,0,1.54,US,1676516310
22,linxia,35.6003,103.2064,-1.81,77,24,1.06,CN,1676516311
23,tiksi,71.6872,128.8694,-24.26,97,100,3.23,RU,1676516027
24,cherskiy,68.75,161.3,-38.22,97,63,1.69,RU,1676516112
25,trabzon,40.9167,39.8333,0.05,75,75,1.54,TR,1676516312
26,busselton,-33.65,115.3333,21.8,56,64,3.75,AU,1676516103
27,hermanus,-34.4187,19.2345,18.22,85,47,7.68,ZA,1676516028
28,kota kinabalu,5.9749,116.0724,28.99,79,20,2.06,MY,1676516312
29,tuktoyaktuk,69.4541,-133.0374,-35.0,75,20,4.12,CA,1676516313
30,banda aceh,5.5577,95.3222,27.89,72,55,4.7,ID,1676516313
31,cidreira,-30.1811,-50.2056,23.4,89,29,3.13,BR,1676516172
32,vaini,-21.2,-175.2,29.09,84,75,5.14,TO,1676516314
33,narsaq,60.9167,-46.05,-9.71,68,100,3.03,GL,1676516314
34,havelock,34.8791,-76.9013,17.21,87,100,1.79,US,1676516314
35,aksarka,66.5606,67.7975,-9.73,85,100,9.7,RU,1676516315
36,lata,40.1629,-8.3327,6.07,80,5,1.67,PT,1676516315
37,marzuq,14.4,46.4667,14.51,15,5,2.59,YE,1676516315
38,shimoda,34.6667,138.95,7.2,62,96,4.17,JP,1676516316
39,hobart,-42.8794,147.3294,21.26,74,0,2.06,AU,1676516316
40,khatanga,71.9667,102.5,-15.26,95,100,5.25,RU,1676516189
41,arlit,18.7369,7.3853,14.63,18,100,2.86,NE,1676516316
42,shache,38.4167,77.2406,1.81,45,100,1.28,CN,1676516317
43,chuy,-33.6971,-53.4616,18.6,65,0,3.06,UY,1676516317
44,albany,42.6001,-73.9662,15.7,55,5,1.34,US,1676516256
45,mar del plata,-38.0023,-57.5575,19.49,73,0,5.66,AR,1676516194
46,tuatapere,-46.1333,167.6833,19.49,55,64,3.13,NZ,1676516318
47,reconquista,-29.15,-59.65,26.61,41,0,3.11,AR,1676516318
48,roald,62.5833,6.1333,8.08,66,100,6.17,NO,1676516318
49,bouca,6.5105,18.2733,19.55,27,78,1.85,CF,1676516319
50,saint-joseph,-21.3667,55.6167,21.21,77,34,4.2,RE,1676516319
51,tasiilaq,65.6145,-37.6368,-12.33,74,94,2.48,GL,1676516319
52,fairbanks,64.8378,-147.7164,-19.11,74,0,0.0,US,1676516212
53,chinhoyi,-17.3667,30.2,19.2,96,100,1.62,ZW,1676516320
54,kamenka,51.3223,42.7678,-13.1,96,90,3.29,RU,1676516320
55,shaunavon,49.6501,-108.4181,-12.12,95,95,1.43,CA,1676516261
56,mehamn,71.0357,27.8492,-1.03,80,54,5.14,NO,1676516033
57,kodiak,57.79,-152.4072,-4.27,46,0,4.63,US,1676516321
58,priargunsk,50.3691,119.1012,-17.13,93,100,1.12,RU,1676516321
59,puerto ayora,-0.7393,-90.3518,26.42,91,16,1.46,EC,1676516034
60,atuona,-9.8,-139.0333,26.0,74,75,6.0,PF,1676516322
61,ndele,8.4109,20.6473,20.62,22,46,3.91,CF,1676516322
62,shirokiy,49.758,129.523,-14.43,86,99,1.88,RU,1676516322
63,tahta,26.7693,31.5021,9.16,60,5,2.89,EG,1676516323
64,ponta do sol,32.6667,-17.1,15.07,52,38,4.6,PT,1676516263
65,bengkulu,-3.8004,102.2655,27.7,68,98,0.84,ID,1676516115
66,new norfolk,-42.7826,147.0587,21.07,71,100,0.45,AU,1676516323
67,monroe,43.1501,-77.6831,12.45,65,0,10.29,US,1676516289
68,lasa,46.6166,10.7002,1.31,43,78,1.11,IT,1676516324
69,merauke,-8.4667,140.3333,28.33,76,100,7.66,ID,1676516324
70,maltahohe,-24.8333,16.9833,19.34,32,73,2.82,NA,1676516325
71,souillac,-20.5167,57.5167,23.21,94,75,1.54,MU,1676516325
72,yerbogachen,61.2767,108.0108,-17.38,94,99,2.63,RU,1676516325
73,yellowknife,62.456,-114.3525,-31.36,75,20,1.03,CA,1676516126
74,asyut,27.181,31.1837,7.1,64,6,3.39,EG,1676516326
75,dingle,10.9995,122.6711,26.97,77,56,8.99,PH,1676516326
76,constitucion,-35.3333,-72.4167,15.04,80,0,5.78,CL,1676516326
77,kadnikov,59.5022,40.338,-23.13,100,95,1.48,RU,1676516326
78,broome,42.2506,-75.833,14.92,56,0,4.63,US,1676516266
79,tomatlan,19.9333,-105.25,17.69,75,2,0.82,MX,1676516327
80,buchanan,5.8808,-10.0467,25.27,91,23,1.29,LR,1676516327
81,nagai,38.1036,140.035,-0.66,66,98,3.84,JP,1676516327
82,wum,6.3833,10.0667,17.56,31,60,0.96,CM,1676516328
83,pangnirtung,66.1451,-65.7125,-29.47,100,100,0.82,CA,1676516328
84,lebu,-37.6167,-73.65,13.96,82,1,9.46,CL,1676516139
85,puerto madryn,-42.7692,-65.0385,7.93,71,100,3.48,AR,1676516329
86,qidong,31.8128,121.6561,5.81,57,3,2.26,CN,1676516329
87,dikson,73.5069,80.5464,-17.7,95,100,11.12,RU,1676516330
88,mayakonda,14.2833,76.0833,22.85,29,9,4.98,IN,1676516330
89,mao,39.8885,4.2658,10.31,93,20,2.06,ES,1676516330
90,valdez,1.2492,-78.9831,25.85,82,100,1.42,EC,1676516331
91,prainha,-1.8,-53.48,23.87,93,100,1.36,BR,1676516331
92,port alfred,-33.5906,26.891,19.54,95,99,0.89,ZA,1676516332
93,castro,-24.7911,-50.0119,17.45,98,100,1.38,BR,1676516332
94,pevek,69.7008,170.3133,-40.13,98,74,1.51,RU,1676516076
95,cachira,7.741,-73.0483,14.14,96,94,2.42,CO,1676516332
96,fukue,32.6881,128.8419,9.2,57,20,5.14,JP,1676516332
97,sonqor,34.7837,47.6004,-10.28,92,15,1.14,IR,1676516333
98,takoradi,4.8845,-1.7554,26.05,88,69,2.29,GH,1676516333
99,coahuayana,18.7333,-103.6833,20.29,79,0,0.49,MX,1676516333
100,georgetown,5.4112,100.3354,29.96,69,20,3.09,MY,1676516334
101,balakhonovskoye,44.7767,41.7842,-6.96,97,100,2.65,RU,1676516334
102,chiknayakanhalli,13.4172,76.6228,21.53,34,11,2.95,IN,1676516334
103,seaford,50.7714,0.1027,9.49,93,100,4.47,GB,1676516335
104,dhaka,23.7104,90.4074,19.99,77,0,0.0,BD,1676516154
105,bathsheba,13.2167,-59.5167,25.34,78,40,9.26,BB,1676516335
106,rawah,34.4816,41.9093,4.94,52,0,3.8,IQ,1676516335
107,la ronge,55.1001,-105.2842,-24.86,70,0,1.03,CA,1676516336
108,karasjok,69.4719,25.5112,-1.58,91,100,9.06,NO,1676516336
109,rawson,-43.3002,-65.1023,9.05,64,100,6.09,AR,1676516336
110,meulaboh,4.1363,96.1285,27.07,76,98,1.47,ID,1676516337
111,mitsamiouli,-11.3847,43.2844,26.86,76,46,3.88,KM,1676516337
112,madras,13.0878,80.2785,24.98,87,20,1.54,IN,1676516326
113,plouzane,48.3833,-4.6167,10.1,93,100,6.17,FR,1676516337
114,mahajanga,-15.7167,46.3167,24.01,94,40,2.06,MG,1676516186
115,sioux lookout,50.1001,-91.917,-15.96,66,40,2.06,CA,1676516295
116,qaanaaq,77.484,-69.3632,-28.89,64,23,3.72,GL,1676516338
117,norman wells,65.282,-126.8329,-26.98,76,75,1.03,CA,1676516338
118,aklavik,68.2191,-135.0107,-33.99,99,20,0.22,CA,1676516339
119,hilo,19.7297,-155.09,21.85,93,100,4.02,US,1676516339
120,cockburn town,21.4612,-71.1419,24.9,77,12,11.01,TC,1676516198
121,lompoc,34.6391,-120.4579,9.88,69,0,5.81,US,1676516202
122,butaritari,3.0707,172.7902,27.4,78,79,5.27,KI,1676516339
123,henties bay,-22.116,14.2845,18.04,83,93,2.8,NA,1676516261
124,katobu,-4.9408,122.5276,29.38,67,98,3.26,ID,1676516340
125,bajil,15.0584,43.2851,23.21,79,82,1.48,YE,1676516340
126,vao,-22.6667,167.4833,24.08,62,78,5.01,NC,1676516340
127,roebourne,-20.7833,117.1333,39.65,20,4,2.37,AU,1676516340
128,alexandria,31.2156,29.9553,10.3,59,93,6.15,EG,1676516103
129,susanville,40.4163,-120.653,-1.09,70,0,1.54,US,1676516173
130,iracoubo,5.4802,-53.2011,24.62,91,100,4.67,GF,1676516341
131,guerrero negro,27.9769,-114.0611,13.95,52,100,5.32,MX,1676516341
132,hamilton,39.1834,-84.5333,17.35,66,0,4.12,US,1676516342
133,esperance,-33.8667,121.9,22.37,52,43,1.75,AU,1676516342
134,pangai,-19.8,-174.35,29.06,74,75,5.14,TO,1676516342
135,verkhnevilyuysk,63.4453,120.3167,-22.09,96,99,1.08,RU,1676516342
136,bolotnoye,55.6717,84.3981,-21.79,100,82,2.2,RU,1676516343
137,port hawkesbury,45.6169,-61.3485,1.77,90,100,1.54,CA,1676516343
138,umm lajj,25.0213,37.2685,16.03,57,0,3.69,SA,1676516343
139,barrow,71.2906,-156.7887,-26.99,76,100,3.6,US,1676516344
140,sao filipe,14.8961,-24.4956,21.16,73,0,6.42,CV,1676516344
141,nara,34.6851,135.8049,5.28,38,83,2.76,JP,1676516066
142,takhtamukay,44.9215,38.9958,-2.83,94,75,0.0,RU,1676516344
143,vestmannaeyjar,63.4427,-20.2734,3.78,67,98,6.56,IS,1676516344
144,port elizabeth,-33.918,25.5701,20.16,88,40,2.06,ZA,1676516345
145,te anau,-45.4167,167.7167,22.15,38,69,1.64,NZ,1676516345
146,beringovskiy,63.05,179.3167,-24.03,93,100,6.37,RU,1676516345
147,columbus,39.9612,-82.9988,15.33,65,0,2.06,US,1676516346
148,longyearbyen,78.2186,15.6401,-2.09,69,20,10.29,SJ,1676516346
149,hofn,64.2539,-15.2082,1.74,74,100,3.4,IS,1676516346
150,corato,41.1455,16.4139,6.29,70,0,1.32,IT,1676516153
151,hobyo,5.3505,48.5268,25.47,63,74,7.43,SO,1676516347
152,storforshei,66.4043,14.5233,1.48,100,100,2.57,NO,1676516347
153,morant bay,17.8815,-76.4093,25.79,79,5,4.71,JM,1676516347
154,abapo,-18.8333,-63.4667,17.86,96,100,1.01,BO,1676516347
155,mariveles,14.4833,120.4833,24.98,68,46,10.98,PH,1676516348
156,charters towers,-20.1,146.2667,23.31,72,100,7.25,AU,1676516348
157,manta,-0.95,-80.7333,26.88,83,75,1.03,EC,1676516348
158,velyka lepetykha,47.1757,33.9436,-2.61,78,88,4.36,UA,1676516349
159,katsuura,35.1333,140.3,6.47,52,37,5.4,JP,1676516349
160,saint-philippe,-21.3585,55.7679,21.77,79,70,3.93,RE,1676516349
161,barcelos,41.5388,-8.6151,11.03,77,42,1.73,PT,1676516350
162,jaguaribe,-5.8906,-38.6219,25.23,80,100,2.68,BR,1676516350
163,nikolskoye,59.7035,30.7861,-0.05,96,100,2.89,RU,1676516350
164,ribeira grande,38.5167,-28.7,15.43,72,89,5.81,PT,1676516351
165,uige,-7.6087,15.0613,19.23,99,98,0.56,AO,1676516351
166,mount gambier,-37.8333,140.7667,35.9,12,88,3.22,AU,1676516351
167,swan hill,-35.3378,143.5544,37.84,16,8,5.36,AU,1676516352
168,los llanos de aridane,28.6585,-17.9182,11.86,77,40,5.66,ES,1676516352
169,charlestown,-32.95,151.6667,30.84,52,24,2.24,AU,1676516352
170,lipari,38.4674,14.954,10.71,64,0,0.42,IT,1676516352
171,cape town,-33.9258,18.4232,20.77,75,0,9.26,ZA,1676516090
172,waipawa,-41.4122,175.5153,12.56,90,100,7.05,NZ,1676516353
173,garissa,-0.4536,39.6401,23.89,76,89,3.01,KE,1676516353
174,lavrentiya,65.5833,-171.0,-29.95,93,11,2.11,RU,1676516353
175,kuandian,40.7286,124.7847,-0.83,25,95,3.82,CN,1676516354
176,tabou,4.423,-7.3528,26.49,85,99,2.44,CI,1676516354
177,manokwari,-0.8667,134.0833,26.6,83,100,1.87,ID,1676516354
178,malpe,13.35,74.7167,23.61,34,7,2.23,IN,1676516355
179,cabo san lucas,22.8909,-109.9124,19.17,73,100,3.96,MX,1676516355
180,vestmanna,62.1564,-7.1664,3.51,75,75,5.14,FO,1676516355
181,chokurdakh,70.6333,147.9167,-39.07,100,91,0.47,RU,1676516356
182,kieta,-6.2167,155.6333,29.69,70,56,2.15,PG,1676516356
183,kuito,-12.3833,16.9333,15.08,95,100,2.91,AO,1676516356
184,lac du bonnet,50.2536,-96.0612,-17.34,97,100,1.15,CA,1676516356
185,tura,25.5198,90.2201,22.72,29,0,0.85,IN,1676516357
186,kavieng,-2.5744,150.7967,28.07,74,100,4.89,PG,1676516357
187,bull savanna,17.8868,-77.5902,22.06,81,0,3.69,JM,1676516357
188,bama,11.5221,13.6856,16.64,35,22,3.25,NG,1676516061
189,lorengau,-2.0226,147.2712,27.68,78,100,3.99,PG,1676516358
190,san cristobal,7.7669,-72.225,21.1,94,82,0.44,VE,1676516314
191,coria,39.9879,-6.5377,5.25,85,0,1.79,ES,1676516358
192,antalaha,-14.9003,50.2788,22.47,91,10,1.86,MG,1676516359
193,east london,-33.0153,27.9116,22.43,89,99,6.07,ZA,1676516359
194,abu kamal,34.4506,40.9171,4.87,50,0,3.97,SY,1676516359
195,russell,32.3502,-85.1999,21.6,73,100,2.57,US,1676516360
196,shorapani,42.0898,43.0866,-0.77,98,100,2.62,GE,1676516360
197,breves,-1.6822,-50.4803,23.27,98,100,2.16,BR,1676516360
198,comodoro rivadavia,-45.8667,-67.5,11.92,32,40,7.2,AR,1676516361
199,luderitz,-26.6481,15.1594,17.41,80,0,8.48,NA,1676516361
200,benguela,-12.5763,13.4055,24.37,81,100,1.93,AO,1676516361
201,caravelas,-17.7125,-39.2481,25.71,81,56,3.7,BR,1676516362
202,basco,20.4487,121.9702,21.43,69,100,13.06,PH,1676516362
203,kaabong,3.4836,34.1492,19.35,37,55,3.21,UG,1676516362
204,inuvik,68.3499,-133.7218,-29.52,76,40,2.57,CA,1676516363
205,gemena,3.25,19.7667,22.1,36,98,0.99,CD,1676516363
206,estelle,29.8458,-90.1067,22.22,91,2,4.02,US,1676516363
207,paita,-5.0892,-81.1144,24.93,78,100,2.27,PE,1676516364
208,saskylakh,71.9167,114.0833,-17.26,97,100,3.37,RU,1676516364
209,sirjan,29.452,55.6814,9.12,42,11,6.33,IR,1676516364
210,coro,11.4045,-69.6734,23.95,87,20,6.29,VE,1676516365
211,tabuk,17.4189,121.4443,20.72,85,100,4.45,PH,1676516365
212,port lincoln,-34.7333,135.8667,33.42,22,4,9.83,AU,1676516193
213,boa vista,2.8197,-60.6733,24.99,83,75,5.66,BR,1676516325
214,shingu,33.7333,135.9833,8.4,43,4,2.33,JP,1676516366
215,paraopeba,-19.2757,-44.4033,20.88,91,100,0.52,BR,1676516366
216,venado tuerto,-33.7456,-61.9688,24.31,63,99,2.03,AR,1676516366
217,magrath,49.4167,-112.8686,0.08,59,30,2.06,CA,1676516367
218,moose factory,51.2585,-80.6094,-18.0,71,100,6.69,CA,1676516367
219,airai,-8.9266,125.4092,20.61,76,96,1.17,TL,1676516367
220,qinzhou,21.95,108.6167,16.83,53,100,2.06,CN,1676516368
221,inzhavino,52.3185,42.4937,-11.31,95,82,3.87,RU,1676516368
222,ahipara,-35.1667,173.1667,20.59,77,29,3.84,NZ,1676516368
223,omboue,-1.5746,9.2618,23.85,93,94,1.59,GA,1676516369
224,luxor,25.6989,32.6421,8.03,71,0,2.06,EG,1676516369
225,point pedro,9.8167,80.2333,25.58,63,21,4.77,LK,1676516369
226,usinsk,65.9939,57.5281,-11.62,91,100,8.67,RU,1676516370
227,hasaki,35.7333,140.8333,7.94,51,30,6.21,JP,1676516370
228,wasilla,61.5814,-149.4394,-3.47,78,0,2.06,US,1676516268
229,namibe,-15.1961,12.1522,22.66,80,95,1.86,AO,1676516370
230,peterhead,57.5058,-1.7981,5.22,82,100,2.88,GB,1676516371
231,amiens,49.9,2.3,6.81,92,91,3.24,FR,1676516371
232,necochea,-38.5473,-58.7368,16.13,72,11,6.09,AR,1676516371
233,ugoofaaru,5.6667,73.0,26.6,62,92,4.53,MV,1676516372
234,camacha,33.0833,-16.3333,13.68,63,40,8.75,PT,1676516372
235,ostrovnoy,68.0531,39.5131,0.06,87,90,12.01,RU,1676516372
236,snegiri,55.8887,37.0242,-5.14,100,99,1.86,RU,1676516374
237,port macquarie,-31.4333,152.9167,27.72,53,0,4.03,AU,1676516374
238,pisco,-13.7,-76.2167,23.03,94,20,2.06,PE,1676516365
239,svelgen,61.7685,5.2955,5.81,93,100,8.56,NO,1676516374
240,cap malheureux,-19.9842,57.6142,23.59,77,4,4.07,MU,1676516375
241,gisenyi,-1.7028,29.2564,18.08,64,100,1.94,RW,1676516375
242,portland,45.5234,-122.6762,5.32,80,20,2.57,US,1676516375
243,srednekolymsk,67.45,153.6833,-33.27,94,99,1.28,RU,1676516376
244,juripiranga,-7.3733,-35.2381,26.66,88,93,2.06,BR,1676516376
245,klaksvik,62.2266,-6.589,4.51,68,30,13.43,FO,1676516376
246,bilma,18.6853,12.9164,13.15,29,21,4.07,NE,1676516377
247,kroya,-7.6331,109.2461,28.5,69,99,1.77,ID,1676516377
248,sidney,-33.8679,151.2073,32.97,57,0,6.69,AU,1676516317
249,kruisfontein,-34.0033,24.7314,18.27,87,73,2.23,ZA,1676516377
250,bethel,41.3712,-73.414,16.05,63,0,5.66,US,1676516378
251,derventa,44.9772,17.9103,-3.14,85,0,0.85,BA,1676516378
252,hami,42.8,93.45,1.04,36,83,1.5,CN,1676516379
253,houma,29.5958,-90.7195,22.22,93,75,5.14,US,1676516379
254,astoria,46.1879,-123.8313,4.94,78,0,3.13,US,1676516379
255,luanda,-8.8368,13.2343,26.0,78,40,1.54,AO,1676516380
256,lagoa,39.05,-27.9833,14.42,72,88,4.34,PT,1676516380
257,zambezi,-13.5432,23.1047,18.3,97,98,2.11,ZM,1676516380
258,nanortalik,60.1432,-45.2371,-4.58,76,100,1.9,GL,1676516187
259,dzaoudzi,-12.7887,45.2699,25.94,89,20,1.54,YT,1676516381
260,dong hoi,17.4833,106.6,17.26,92,100,5.28,VN,1676516381
261,trofors,65.5333,13.4063,4.93,99,100,2.6,NO,1676516381
262,aswan,24.0934,32.907,9.61,57,0,2.06,EG,1676516382
263,loding,67.3,14.75,6.95,77,100,2.57,NO,1676516382
264,richards bay,-28.783,32.0377,23.73,94,100,2.52,ZA,1676516127
265,tahe,52.3333,124.7333,-12.38,86,100,1.32,CN,1676516382
266,gondanglegi,-7.7479,112.0132,28.45,73,88,1.7,ID,1676516383
267,berlevag,70.8578,29.0864,-1.0,80,20,6.17,NO,1676516383
268,lewisville,33.0462,-96.9942,22.87,74,0,5.14,US,1676516383
269,rudnogorsk,57.2639,103.7519,-19.97,97,100,0.37,RU,1676516384
270,severo-kurilsk,50.6789,156.125,-3.13,90,99,14.27,RU,1676516384
271,shihezi,44.3,86.0333,-8.36,89,100,1.7,CN,1676516384
272,grindavik,63.8424,-22.4338,0.26,100,75,6.17,IS,1676516384
273,bambous virieux,-20.3428,57.7575,23.45,94,75,1.54,MU,1676516385
274,tigil,57.8,158.6667,-11.37,79,100,5.38,RU,1676516385
275,menongue,-14.6585,17.691,16.07,77,84,2.47,AO,1676516385
276,westport,41.1415,-73.3579,15.71,78,100,1.34,US,1676516386
277,komsomolskiy,40.4272,71.7189,2.4,100,100,1.03,UZ,1676516386
278,san jose del palmar,4.9742,-76.2283,17.48,99,70,0.19,CO,1676516387
279,lewiston,44.1003,-70.2148,8.0,95,7,3.21,US,1676516387
280,emerald,-23.5333,148.1667,31.3,51,98,6.53,AU,1676516387
281,saint george,37.1041,-113.5841,2.33,37,0,4.12,US,1676516366
282,camopi,3.1655,-52.3158,22.5,100,100,0.85,GF,1676516388
283,pedasi,7.5333,-80.0333,23.93,82,7,8.18,PA,1676516388
284,eirunepe,-6.6603,-69.8736,22.62,98,100,0.75,BR,1676516388
285,ferme-neuve,46.7001,-75.4493,3.39,100,100,6.73,CA,1676516389
286,lerik,38.7726,48.4128,-3.2,89,100,1.22,AZ,1676516389
287,nome,64.5011,-165.4064,-25.96,84,0,0.0,US,1676516367
288,atbasar,51.8,68.3333,-23.53,99,52,2.82,KZ,1676516389
289,pagudpud,18.5616,120.7868,21.71,80,80,9.17,PH,1676516389
290,gueret,46.1667,1.8667,2.74,84,0,1.68,FR,1676516390
291,tual,-5.6667,132.75,27.87,79,100,6.76,ID,1676516390
292,morros,-9.4467,-46.3003,23.66,73,49,0.85,BR,1676516390
293,channel-port aux basques,47.5702,-59.1367,-0.63,75,100,3.18,CA,1676516391
294,thompson,55.7435,-97.8558,-30.91,76,0,1.03,CA,1676516391
295,mnogovershinnyy,53.9353,139.9242,-17.99,75,3,3.03,RU,1676516391
296,college,64.8569,-147.8028,-19.12,74,75,0.0,US,1676516274
297,touros,-5.1989,-35.4608,26.5,80,100,5.54,BR,1676516392
298,puerto suarez,-18.95,-57.8,26.72,71,91,1.97,BO,1676516393
299,tiarei,-17.5333,-149.3333,29.01,74,20,3.59,PF,1676516393
300,dakar,14.6937,-17.4441,19.49,88,4,3.09,SN,1676516393
301,malkangiri,18.35,81.9,23.34,21,0,1.71,IN,1676516393
302,kedrovyy,56.1667,91.8167,-25.77,97,97,0.12,RU,1676516394
303,honiara,-9.4333,159.95,30.29,70,99,2.42,SB,1676516394
304,nanchang,28.6833,115.8833,10.12,59,6,0.98,CN,1676516157
305,lengshuitan,26.4111,111.5956,9.35,65,96,0.75,CN,1676516106
306,ferkessedougou,9.6,-5.2,22.82,19,16,2.78,CI,1676516395
307,mahishadal,22.1833,87.9833,23.28,64,0,1.61,IN,1676516395
308,palmer,42.1584,-72.3287,13.23,69,20,6.17,US,1676516395
309,lebork,54.5392,17.7501,1.75,96,100,2.45,PL,1676516395
310,chik,54.9928,82.4311,-25.14,76,92,2.0,RU,1676516396
311,maunabo,18.0072,-65.8993,24.28,93,14,6.35,PR,1676516205
312,ust-tsilma,65.441,52.1498,-10.25,91,100,3.29,RU,1676516396
313,ibiruba,-28.6275,-53.0897,19.99,79,49,2.76,BR,1676516397
314,irece,-11.3042,-41.8558,25.48,50,96,1.51,BR,1676516397
315,vila do maio,15.1333,-23.2167,20.44,78,0,9.34,CV,1676516397
316,whitehorse,60.7161,-135.0538,-4.57,80,75,5.66,CA,1676516313
317,dukat,62.55,155.55,-28.93,96,100,2.67,RU,1676516398
318,lucapa,-8.4192,20.7447,18.01,95,100,1.16,AO,1676516398
319,huilong,31.8111,121.655,5.81,57,3,2.26,CN,1676516399
320,vila franca do campo,37.7167,-25.4333,13.23,81,26,2.01,PT,1676516399
321,ndola,-12.9587,28.6366,17.16,98,100,2.95,ZM,1676516400
322,palasa,18.7667,84.4167,25.17,42,0,0.06,IN,1676516400
323,duekoue,6.7472,-7.3496,23.75,80,86,0.97,CI,1676516400
324,kavaratti,10.5669,72.642,26.67,73,22,3.0,IN,1676516401
325,kahului,20.8947,-156.47,25.01,71,40,7.2,US,1676516402
326,adrar,20.5022,-10.0711,21.32,20,99,2.85,MR,1676516403
327,bartica,6.4,-58.6167,22.21,98,100,0.98,GY,1676516404
328,yumen,40.2833,97.2,0.67,37,100,3.32,CN,1676516405
329,taywarah,33.35,64.4167,-0.65,62,95,3.02,AF,1676516406
330,polyarnyy,69.1989,33.4478,0.86,84,100,9.65,RU,1676516410
331,aanekoski,62.6946,25.818,-0.74,100,100,4.19,FI,1676516411
332,gambela,8.25,34.5833,25.93,35,27,0.57,ET,1676516413
333,waingapu,-9.6567,120.2641,29.07,70,100,4.61,ID,1676516413
334,lukovetskiy,64.2956,41.9211,-15.06,95,33,2.58,RU,1676516414
335,pangody,65.85,74.4859,-14.73,91,100,7.01,RU,1676516414
336,thinadhoo,0.5333,72.9333,27.35,72,18,4.82,MV,1676516415
337,kentau,43.5206,68.5094,0.99,74,100,4.38,KZ,1676516415
338,brae,60.3964,-1.353,6.38,60,87,10.74,GB,1676516416
339,orocue,4.7912,-71.3354,26.55,68,44,2.37,CO,1676516416
340,collie,-33.3667,116.15,25.73,29,2,2.59,AU,1676516417
341,quatre cocos,-20.2078,57.7625,23.38,75,9,2.29,MU,1676516417
342,mahebourg,-20.4081,57.7,23.47,94,75,1.54,MU,1676516417
343,anjozorobe,-18.4,47.8667,16.97,92,100,1.04,MG,1676516418
344,maieru,47.4,24.75,-6.73,93,56,1.03,RO,1676516419
345,shahi,28.55,79.3167,15.38,51,0,1.85,IN,1676516419
346,bubaque,11.2833,-15.8333,23.32,76,32,4.52,GW,1676516265
347,clyde river,70.4692,-68.5914,-30.87,69,100,7.72,CA,1676516420
348,naantali,60.4674,22.0243,0.24,93,100,2.57,FI,1676516421
349,araouane,18.9048,-3.5265,22.01,17,100,6.23,ML,1676516421
350,vardo,70.3705,31.1107,-1.01,86,100,11.32,NO,1676516422
351,kelo,9.3086,15.8066,20.44,24,66,3.89,TD,1676516423
352,olinda,-8.0089,-34.8553,27.85,74,75,3.09,BR,1676516424
353,winnemucca,40.973,-117.7357,-1.53,52,0,2.08,US,1676516425
354,fortuna,40.5982,-124.1573,5.55,80,0,0.0,US,1676516425
355,bud,39.447,-86.1758,13.23,74,84,2.84,US,1676516426
356,saint anthony,45.0205,-93.218,-5.22,79,20,6.17,US,1676516426
357,turukhansk,65.8167,87.9833,-15.14,96,100,4.41,RU,1676516427
358,sao joao da barra,-21.6403,-41.0511,22.66,94,100,6.92,BR,1676516427
359,marsa matruh,31.3525,27.2453,10.11,93,40,4.12,EG,1676516428
360,eureka,40.8021,-124.1637,6.34,80,55,0.45,US,1676516354
361,mandalgovi,45.7625,106.2708,-10.09,41,100,0.88,MN,1676516428
362,finschhafen,-6.6024,147.8681,29.42,68,82,1.4,PG,1676516429
363,aitape,-3.1374,142.3475,27.3,81,100,0.58,PG,1676516430
364,tautira,-17.7333,-149.15,27.08,75,21,3.62,PF,1676516430
365,carlyle,38.6103,-89.3726,11.16,81,15,0.89,US,1676516431
366,salalah,17.0151,54.0924,19.83,69,5,0.61,OM,1676516431
367,puli,23.9664,120.9695,18.26,39,0,2.66,TW,1676516431
368,ikot ekpene,5.1794,7.7108,23.74,91,58,1.14,NG,1676516432
369,monrovia,6.3005,-10.7969,23.87,90,14,1.48,LR,1676516427
370,ewo,-0.8725,14.8206,23.86,76,100,1.89,CG,1676516432
371,buldana,20.5333,76.1833,23.23,21,0,1.11,IN,1676516433
372,kabare,-2.4683,28.8242,17.47,68,100,0.95,CD,1676516433
373,sitka,57.0531,-135.33,1.34,94,91,1.0,US,1676516433
374,port blair,11.6667,92.75,28.02,74,40,3.6,IN,1676516434
375,avarua,-21.2078,-159.775,30.03,74,20,2.57,CK,1676516434
376,saldanha,-33.0117,17.9442,18.03,89,0,4.03,ZA,1676516434
377,fagersta,60.0042,15.7932,2.25,97,100,4.1,SE,1676516435
378,victoria,22.2855,114.1577,18.35,56,16,3.58,HK,1676516225
379,virginia beach,36.8529,-75.978,20.01,64,40,4.12,US,1676516394
380,kaseda,31.4167,130.3167,9.53,50,1,1.68,JP,1676516436
381,shubarkuduk,49.1447,56.4872,-4.71,91,100,6.49,KZ,1676516436
382,wright,45.1833,-93.9502,-7.51,76,0,4.63,US,1676516437
383,ituverava,-20.3394,-47.7806,20.73,93,100,1.42,BR,1676516437
384,luba,3.4568,8.5547,24.94,81,83,3.27,GQ,1676516438
385,mani,4.8172,-72.2886,26.34,69,49,2.52,CO,1676516438
386,itacoatiara,-3.1431,-58.4442,23.7,97,100,0.92,BR,1676516438
387,warwick,41.7001,-71.4162,11.97,78,40,7.2,US,1676516428
388,asau,46.4333,26.4,-0.4,92,35,2.31,RO,1676516439
389,west bay,19.3667,-81.4167,25.04,84,0,3.09,KY,1676516439
390,kabo,7.6994,18.629,19.9,28,48,2.12,CF,1676516439
391,saint-georges,12.0564,-61.7485,25.82,73,20,7.2,GD,1676516440
392,salinas,36.6777,-121.6555,9.45,65,0,0.45,US,1676516438
393,naze,28.3667,129.4833,16.51,68,83,5.32,JP,1676516441
394,umea,63.8284,20.2597,0.96,80,100,5.14,SE,1676516441
395,tilichiki,60.4667,166.1,-22.12,80,100,5.46,RU,1676516442
396,ostersund,63.1792,14.6357,-1.33,100,81,5.66,SE,1676516442
397,sisimiut,66.9395,-53.6735,-10.97,66,100,7.0,GL,1676516442
398,ishinomaki,38.4167,141.3,4.0,52,65,6.55,JP,1676516443
399,presidencia roque saenz pena,-26.7852,-60.4388,28.5,53,15,3.62,AR,1676516224
400,ladario,-19.0047,-57.6017,25.45,74,95,1.31,BR,1676516443
401,makakilo city,21.3469,-158.0858,23.58,73,75,3.6,US,1676516444
402,moussoro,13.6408,16.4901,16.15,20,0,9.21,TD,1676516445
403,bodaybo,57.8506,114.1933,-13.56,93,100,0.9,RU,1676516446
404,kudahuvadhoo,2.6708,72.8944,27.18,63,98,6.43,MV,1676516446
405,zacualpan,21.25,-105.1667,19.33,71,0,1.92,MX,1676516447
406,isangel,-19.55,169.2667,26.37,71,96,6.15,VU,1676516447
407,basoko,1.2391,23.616,20.43,49,97,0.23,CD,1676516447
408,sarangani,5.4033,125.4636,27.42,75,98,8.78,PH,1676516448
409,camalu,30.85,-116.0667,11.58,51,0,1.84,MX,1676516448
410,dinard,48.6314,-2.0614,9.24,93,75,3.09,FR,1676516450
411,bilibino,68.0546,166.4372,-31.38,94,20,0.65,RU,1676516450
412,bure,10.7,37.0667,13.71,68,82,1.42,ET,1676516451
413,lagdo,9.05,13.7333,20.24,22,30,1.72,CM,1676516452
414,snezhnogorsk,69.1933,33.2531,-2.12,86,100,9.15,RU,1676516452
415,chopda,21.25,75.3,24.96,21,0,0.77,IN,1676516453
416,ilulissat,69.2167,-51.1,-10.99,44,75,7.2,GL,1676516454
417,bertoua,4.5833,13.6833,18.82,34,100,1.57,CM,1676516456
418,yangambi,0.8102,24.4336,19.57,51,100,0.17,CD,1676516456
419,aloleng,16.1307,119.7824,28.74,53,56,2.21,PH,1676516457
420,banyumas,-7.5142,109.2942,29.81,64,99,1.09,ID,1676516457
421,dowa,-13.654,33.9375,16.6,96,100,2.69,MW,1676516459
422,bahar,34.9072,48.4414,-11.91,92,20,3.09,IR,1676516459
423,krasnoselkup,65.7,82.4667,-18.3,97,99,4.13,RU,1676516450
424,havoysund,70.9963,24.6622,0.13,81,45,6.91,NO,1676516460
425,les cayes,18.2,-73.75,22.07,79,5,1.89,HT,1676516460
426,salinopolis,-0.6136,-47.3561,25.31,88,100,2.87,BR,1676516460
427,auki,-8.7676,160.7034,29.15,74,100,1.53,SB,1676516461
428,novorudnyy,51.5026,58.1873,-6.86,96,100,3.8,RU,1676516461
429,ariquemes,-9.9133,-63.0408,23.06,97,100,1.47,BR,1676516172
430,mahon,39.8885,4.2658,10.31,93,20,2.06,ES,1676516462
431,san pedro,14.35,121.0167,29.57,60,40,4.12,PH,1676516463
432,mujiayingzi,42.1167,118.7833,0.82,40,7,4.64,CN,1676516463
433,muscat,23.6139,58.5922,23.23,47,29,2.08,OM,1676516342
434,perth,-31.9333,115.8333,26.12,48,0,3.09,AU,1676516384
435,moron,-34.6534,-58.6198,27.1,50,24,2.95,AR,1676516464
436,talalayivka,50.9578,31.9209,-6.74,97,100,1.34,UA,1676516464
437,kitimat,54.0524,-128.6534,2.21,30,100,1.3,CA,1676516465
438,namie,37.4833,141.0,4.75,41,14,3.02,JP,1676516465
439,kotido,2.9806,34.1331,21.85,36,82,2.34,UG,1676516466
440,faanui,-16.4833,-151.75,27.92,73,36,4.3,PF,1676516467
441,itarema,-2.9248,-39.9167,25.38,85,95,3.46,BR,1676516467
442,manaus,-3.1019,-60.025,25.28,94,0,1.03,BR,1676516432
443,talnakh,69.4865,88.3972,-15.57,96,100,5.54,RU,1676516468
444,akyab,20.15,92.9,21.34,48,0,2.67,MM,1676516468
445,santa maria,-29.6842,-53.8069,22.61,94,0,4.12,BR,1676516469
446,sao raimundo das mangabeiras,-7.0219,-45.4811,23.75,83,67,1.22,BR,1676516469
447,tovste,48.8466,25.7262,-1.37,83,76,1.79,UA,1676516470
448,baykit,61.67,96.37,-20.96,100,100,0.76,RU,1676516470
449,porto nacional,-10.7081,-48.4172,26.0,87,97,0.81,BR,1676516471
450,aksha,50.2814,113.2867,-9.48,55,48,6.18,RU,1676516471
451,mumford,5.2618,-0.759,26.16,87,57,2.93,GH,1676516472
452,kilrush,52.6397,-9.4833,9.86,92,100,7.39,IE,1676516472
453,cedar city,37.6775,-113.0619,-8.46,62,0,4.12,US,1676516301
454,fandriana,-20.2333,47.3833,14.2,96,49,1.05,MG,1676516473
455,saint-denis,48.9167,2.3333,7.28,85,0,4.12,FR,1676516473
456,asilah,35.465,-6.0348,13.98,84,86,3.42,MA,1676516473
457,san quintin,30.4833,-115.95,12.35,50,6,3.05,MX,1676516474
458,hay river,60.8156,-115.7999,-28.01,69,40,3.6,CA,1676516474
459,yuci,37.6803,112.7319,-0.14,80,38,1.0,CN,1676516475
460,lakeside,30.13,-81.7682,20.55,81,0,4.12,US,1676516475
461,yulara,-25.2406,130.9889,37.72,18,2,2.61,AU,1676516476
462,novosergiyevka,52.0934,53.6528,-2.18,96,100,6.17,RU,1676516476
463,ramanuj ganj,23.8,83.7,18.89,29,0,1.16,IN,1676516476
464,inta,66.0317,60.1659,-10.31,86,100,10.83,RU,1676516477
465,hoquiam,46.9809,-123.8893,6.11,79,0,1.54,US,1676516477
466,abha,18.2164,42.5053,12.9,46,0,0.0,SA,1676516445
467,seymchan,62.8833,152.4333,-28.17,87,97,2.37,RU,1676516378
468,carson city,39.1638,-119.7674,0.46,60,0,1.54,US,1676516456
469,hambantota,6.1241,81.1185,23.19,88,0,3.6,LK,1676516478
470,alofi,-19.0595,-169.9187,27.94,83,75,3.6,NU,1676516478
471,pucallpa,-8.3791,-74.5539,24.02,100,75,1.03,PE,1676516444
472,codrington,-38.2667,141.9667,34.43,18,100,2.83,AU,1676516479
473,vostochnyy,55.8167,37.8667,-4.04,99,96,2.25,RU,1676516479
474,kawalu,-7.3817,108.2082,27.92,67,99,0.71,ID,1676516480
475,umm kaddadah,13.6017,26.6876,13.33,25,0,9.17,SD,1676516480
476,sayyan,15.1718,44.3244,10.35,78,77,1.26,YE,1676516481
477,carauari,-4.8828,-66.8958,23.29,98,100,0.46,BR,1676516481
478,buta,2.7858,24.73,19.63,40,67,0.62,CD,1676516481
479,simbahan,6.3032,120.5836,26.48,82,74,6.2,PH,1676516482
480,mareeba,-17.0,145.4333,23.4,97,100,2.83,AU,1676516482
481,nabire,-3.3667,135.4833,27.3,80,100,1.53,ID,1676516483
482,kloulklubed,7.0419,134.2556,27.49,83,65,8.28,PW,1676516483
483,lokoja,7.8024,6.743,23.16,22,69,0.88,NG,1676516483
484,baghdad,33.3406,44.4009,6.95,70,20,2.06,IQ,1676516420
485,disna,55.568,28.1971,-0.28,99,100,1.23,BY,1676516484
486,boca do acre,-8.7522,-67.3978,23.28,98,100,1.09,BR,1676516484
487,singapore,1.2897,103.8501,28.02,72,75,6.17,SG,1676516227
488,sergeyevka,53.88,67.4158,-22.9,98,35,2.04,KZ,1676516485
489,lakeway,30.3638,-97.9796,21.98,82,0,4.12,US,1676516485
490,vanimo,-2.6741,141.3028,27.0,80,96,0.69,PG,1676516485
491,saint-augustin,51.226,-58.6502,-5.16,96,100,3.93,CA,1676516486
492,grafton,42.207,-71.6856,12.69,73,6,3.58,US,1676516486
493,xining,36.6167,101.7667,-4.54,65,41,0.65,CN,1676516487
494,kalabo,-14.97,22.6814,18.71,95,100,2.68,ZM,1676516488
495,tezu,27.9167,96.1667,23.88,38,98,0.7,IN,1676516488
496,zinder,13.8072,8.9881,15.16,22,87,7.05,NE,1676516489
497,washington,47.5001,-120.5015,2.22,60,58,0.97,US,1676516400
498,clarence town,-32.5833,151.7833,30.9,26,9,2.52,AU,1676516489
499,orthez,43.4884,-0.7724,4.87,84,35,1.37,FR,1676516490
500,quibor,9.9287,-69.6201,20.78,88,33,2.82,VE,1676516436
501,leirvik,59.7798,5.5005,7.14,93,100,5.49,NO,1676516490
502,pandan,14.0453,124.1694,26.33,75,46,9.97,PH,1676516491
503,road town,18.4167,-64.6167,25.53,71,0,10.54,VG,1676516492
504,la baule-escoublac,47.2922,-2.364,10.46,97,100,2.06,FR,1676516492
505,san patricio,28.017,-97.5169,23.05,92,98,6.18,US,1676516492
506,najran,17.4924,44.1277,21.36,45,8,2.71,SA,1676516438
507,lovington,32.944,-103.3485,3.35,28,0,3.13,US,1676516495
508,amberley,39.2048,-84.428,16.97,65,61,0.89,US,1676516496
509,iranshahr,27.2025,60.6848,16.19,27,0,4.12,IR,1676516496
510,lloydminster,53.2835,-110.0016,-12.88,78,75,2.57,CA,1676516438
511,mabaruma,8.2,-59.7833,22.74,93,100,1.57,GY,1676516498
512,le port,-20.9373,55.2919,24.58,79,23,1.21,RE,1676516498
513,horsham,51.064,-0.3272,9.06,90,20,2.06,GB,1676516499
514,leningradskiy,69.3833,178.4167,-34.37,98,98,3.35,RU,1676516499
515,podporozhye,60.9112,34.1706,-12.82,97,62,1.89,RU,1676516500
516,kaitangata,-46.2817,169.8464,15.94,69,98,3.06,NZ,1676516500
517,sola,-13.8833,167.55,26.37,88,100,10.72,VU,1676516501
518,foster city,37.5586,-122.2711,11.05,52,20,5.66,US,1676516237
519,sao felix do xingu,-6.6447,-51.995,22.18,98,98,0.25,BR,1676516501
520,dhamtari,20.7072,81.5497,22.35,22,0,0.31,IN,1676516502
521,otjiwarongo,-20.4637,16.6477,16.57,28,9,3.55,NA,1676516502
522,banjar,-8.19,114.9675,30.28,63,96,2.26,ID,1676516503
523,pacific grove,36.6177,-121.9166,10.06,67,0,0.45,US,1676516409
524,geraldton,-28.7667,114.6,25.23,53,40,6.69,AU,1676516503
525,aykhal,66.0,111.5,-21.73,99,100,2.84,RU,1676516496
526,villaviciosa,43.4813,-5.4357,10.54,87,28,2.07,ES,1676516503
527,watrous,51.6668,-105.4679,-16.12,72,21,1.03,CA,1676516455
528,antigonish,45.6169,-61.9986,1.75,91,95,2.68,CA,1676516438
529,micheweni,-4.9667,39.8333,26.69,75,98,4.14,TZ,1676516504
530,eastleigh,50.9667,-1.35,8.81,95,100,1.34,GB,1676516504
531,mpulungu,-8.7623,31.1141,21.81,84,100,0.67,ZM,1676516505
532,stralsund,54.3091,13.0818,1.7,87,100,3.69,DE,1676516505
533,bitung,1.4451,125.1824,29.47,70,100,4.17,ID,1676516505
534,mount isa,-20.7333,139.5,26.87,61,100,5.14,AU,1676516506
535,phan thiet,10.9333,108.1,30.27,43,25,8.51,VN,1676516446
536,leh,34.1667,77.5833,-11.86,81,82,1.2,IN,1676516506
537,gidam,18.9833,81.4,22.87,23,0,1.1,IN,1676516506
538,chiredzi,-21.05,31.6667,21.76,92,98,3.99,ZW,1676516507
539,ola,59.5833,151.2833,-13.22,71,100,4.84,RU,1676516507
540,lelystad,52.5083,5.475,7.23,81,66,4.92,NL,1676516507
541,hue,16.4667,107.6,19.06,94,75,2.57,VN,1676516508
542,north vanlaiphai,23.1333,93.0667,16.73,27,0,0.36,IN,1676516508
543,mogadishu,2.0371,45.3438,23.87,81,15,8.08,SO,1676516509
544,pacifica,37.6138,-122.4869,10.93,65,0,5.14,US,1676516509
545,bemidji,47.4736,-94.8803,-15.05,79,0,3.09,US,1676516503
546,mapiripan,2.8892,-72.1256,23.38,94,64,1.79,CO,1676516509
547,gonbad-e qabus,37.25,55.1672,5.95,87,100,2.06,IR,1676516510
548,alekseyevsk,57.8406,108.3492,-18.12,96,100,1.12,RU,1676516510
549,sur,22.5667,59.5289,22.85,37,1,1.29,OM,1676516510
550,den helder,52.9599,4.7593,8.34,88,100,7.15,NL,1676516511
551,jiaozuo,35.2397,113.2331,7.5,44,70,2.52,CN,1676516511
552,pozo colorado,-23.4923,-58.7972,24.57,87,17,2.85,PY,1676516512
553,atambua,-9.1061,124.8925,25.88,81,92,1.42,ID,1676516512
554,jinchang,38.4953,102.1739,-0.27,49,20,1.59,CN,1676516382
555,nuevo progreso,23.1667,-97.95,23.27,66,22,0.89,MX,1676516513
556,golden,39.7555,-105.2211,-10.29,85,100,1.34,US,1676516424
557,hervey bay,-25.2986,152.8535,27.79,65,0,4.02,AU,1676516513
558,brenham,30.1669,-96.3977,22.97,50,69,5.57,US,1676516514
559,dali,25.7,100.1833,16.86,26,0,3.58,CN,1676516514
560,korhogo,9.45,-5.6333,21.51,20,10,2.03,CI,1676516514
561,shakawe,-18.3667,21.85,20.14,92,99,1.95,BW,1676516515
562,sungaipenuh,-2.0833,101.3833,25.09,53,97,0.51,ID,1676516515
563,gurlan,41.8447,60.3919,-0.05,72,88,3.19,UZ,1676516516
564,zhob,31.3411,69.4481,14.1,25,61,1.04,PK,1676516517
565,griffith,41.5284,-87.4237,4.18,78,100,3.09,US,1676516517
566,astara,38.5,48.6667,0.39,80,99,0.26,AZ,1676516517
567,campbell river,50.0163,-125.2446,4.69,100,100,5.14,CA,1676516439
568,carbonear,47.7332,-53.2148,-3.7,82,16,3.37,CA,1676516518
569,udachnyy,66.4167,112.4,-25.35,99,100,1.76,RU,1676516518
570,camargo,27.6667,-105.1667,16.03,13,50,5.16,MX,1676516518
571,dunedin,-45.8742,170.5036,17.11,70,78,4.92,NZ,1676516519
572,ha giang,22.8333,104.9833,16.45,81,100,0.89,VN,1676516519
573,rocha,-34.4833,-54.3333,16.05,66,0,2.98,UY,1676516469
574,capuluan,13.8147,122.5181,26.11,78,77,6.72,PH,1676516520
575,jaque,7.5175,-78.1703,25.66,87,27,1.59,PA,1676516520
576,acapulco,16.8634,-99.8901,24.52,74,2,3.55,MX,1676516424
577,tha mai,12.6214,102.0048,29.48,73,37,7.06,TH,1676516520
578,ageyevo,54.1588,36.4693,-4.85,99,94,1.67,RU,1676516521
579,buraydah,26.326,43.975,9.25,43,86,4.29,SA,1676516521
580,ryotsu,38.0833,138.4333,2.61,52,98,2.65,JP,1676516522
581,sumbawanga,-7.9667,31.6167,17.89,88,40,0.0,TZ,1676516522
582,noceto,44.8114,10.1713,8.58,67,86,1.68,IT,1676516523
583,nisia floresta,-6.0911,-35.2086,27.45,85,100,3.12,BR,1676516523
584,newport,51.5877,-2.9984,9.06,93,100,6.4,GB,1676516292
585,deputatskiy,69.3,139.9,-36.88,92,24,1.89,RU,1676516524
586,coihaique,-45.5752,-72.0662,7.97,53,0,1.54,CL,1676516524
587,port augusta,-32.5,137.7667,39.43,7,0,5.58,AU,1676516524
588,hecun,36.5333,114.1111,7.19,41,34,2.01,CN,1676516526
589,mugumu,-1.85,34.7,17.57,61,91,1.88,TZ,1676516526
590,elmira,42.0898,-76.8077,17.07,43,0,5.49,US,1676516526
591,evensk,61.95,159.2333,-12.0,79,100,5.12,RU,1676516491
592,bintulu,3.1667,113.0333,28.23,78,20,1.54,MY,1676516527
593,margate,51.3813,1.3862,9.27,88,100,1.34,GB,1676516527
594,gobabis,-22.45,18.9667,19.82,22,83,4.78,NA,1676516528
595,port-cartier,50.0334,-66.8654,-2.88,97,100,3.11,CA,1676516528
596,oksfjord,70.2396,22.3479,2.1,87,98,5.0,NO,1676516528
597,kvarkeno,52.0833,59.725,-9.3,96,100,2.69,RU,1676516529
598,jumla,29.2747,82.1838,11.64,21,0,0.83,NP,1676516529
599,torbay,47.6666,-52.7314,-4.17,93,0,6.69,CA,1676516442
600,sinnamary,5.3833,-52.95,24.69,91,100,4.55,GF,1676516530
601,deer lake,49.1667,-57.4316,-6.08,86,75,4.12,CA,1676516531
602,dhekiajuli,26.7,92.5,21.63,41,11,1.92,IN,1676516532
603,anito,12.4497,125.2886,24.85,88,97,8.47,PH,1676516533
604,hihya,30.6713,31.588,9.39,65,81,2.95,EG,1676516534
605,kokopo,-4.352,152.2633,29.77,64,99,2.07,PG,1676516534
606,emba,48.8264,58.1442,-6.79,92,100,5.22,KZ,1676516535
607,sao lourenco do oeste,-26.3592,-52.8511,16.47,94,85,1.06,BR,1676516535
608,oxelosund,58.6706,17.1015,1.21,86,100,2.57,SE,1676516535
609,tupancireta,-29.0806,-53.8358,20.02,71,0,3.28,BR,1676516536
610,likasi,-10.9814,26.7333,16.97,97,100,1.49,CD,1676516536
611,kyshtovka,56.555,76.6271,-24.31,100,87,0.77,RU,1676516537
612,kuldiga,56.974,21.9572,2.83,92,100,2.68,LV,1676516538
613,corat,40.5725,49.7064,3.05,84,71,8.22,AZ,1676516538
614,indianola,41.3581,-93.5574,-2.73,75,100,1.34,US,1676516505
615,sharjah,25.3573,55.4033,24.99,20,0,5.14,AE,1676516539
616,mecca,21.4267,39.8261,15.82,51,5,5.53,SA,1676516312
617,nizwa,22.9333,57.5333,18.65,25,4,0.27,OM,1676516540
618,unguia,8.0434,-77.0945,24.34,94,34,1.77,CO,1676516540
619,artigas,-30.4,-56.4667,24.59,55,0,3.33,UY,1676516540
620,broken hill,-31.95,141.4333,36.53,14,0,5.22,AU,1676516541
621,tessalit,20.1986,1.0114,17.63,20,100,7.33,ML,1676516542
622,afonso bezerra,-5.4983,-36.5056,25.18,80,100,5.07,BR,1676516498
623,taoudenni,22.6783,-3.9836,22.0,21,83,5.05,ML,1676516542
624,dwarka,22.2394,68.9678,22.41,69,6,3.35,IN,1676516543
625,boffa,10.1667,-14.0333,22.35,86,85,0.52,GN,1676516543
626,hargeysa,9.56,44.065,14.26,97,20,3.74,SO,1676516543
627,nador,35.174,-2.9287,15.14,82,0,4.12,MA,1676516544
628,laguna,38.421,-121.4238,9.86,43,0,0.0,US,1676516544
629,matinhos,-25.8175,-48.5428,23.12,94,100,1.28,BR,1676516439
630,fecamp,49.7579,0.3746,10.49,85,93,5.92,FR,1676516544
631,longkou,37.6508,120.3286,2.52,45,0,4.28,CN,1676516545
632,alice springs,-23.7,133.8833,35.75,8,0,1.54,AU,1676516546
633,san policarpo,12.1791,125.5072,25.58,83,99,10.35,PH,1676516546
634,gwadar,25.1216,62.3254,22.1,59,100,2.58,PK,1676516547
635,bontang,0.1333,117.5,28.43,71,84,1.19,ID,1676516547
636,the valley,18.217,-63.0578,25.46,76,0,10.12,AI,1676516547
637,fort nelson,58.8053,-122.7002,-14.23,87,75,1.03,CA,1676516445
638,ajaccio,42.0,8.9167,5.03,93,75,3.6,FR,1676516548
639,keningau,5.3378,116.1602,25.64,79,100,0.25,MY,1676516548
640,rio verde de mato grosso,-18.9181,-54.8442,23.07,89,78,2.5,BR,1676516549
641,san ramon,37.7799,-121.978,10.09,52,0,2.57,US,1676516351
642,ritchie,-29.038,24.6028,19.05,78,74,4.34,ZA,1676516549
643,gaoua,10.2992,-3.2508,23.39,18,6,2.95,BF,1676516549
644,silver city,32.7701,-108.2803,-4.02,59,0,5.14,US,1676516507
645,conceicao do araguaia,-8.2578,-49.2647,22.97,94,100,1.48,BR,1676516550
646,matagami,49.7502,-77.6328,-11.94,85,100,9.77,CA,1676516550
647,ciudad del maiz,22.4,-99.6,17.46,55,0,1.68,MX,1676516550
648,contamana,-7.3333,-75.0167,25.1,81,100,0.44,PE,1676516551
649,taitung,22.7583,121.1444,18.15,59,75,3.09,TW,1676516551
650,abrau-dyurso,44.69,37.59,-1.3,78,35,2.49,RU,1676516553
651,plainview,40.7765,-73.4673,15.93,77,100,0.89,US,1676516392
652,inhambane,-23.865,35.3833,25.31,86,2,3.42,MZ,1676516553
653,yarim,14.298,44.3779,8.9,77,30,0.38,YE,1676516554
654,vila velha,-20.3297,-40.2925,26.97,83,20,4.12,BR,1676516554
655,mpika,-11.8343,31.4529,16.88,97,100,2.68,ZM,1676516555
656,vaitape,-16.5167,-151.75,27.91,73,39,4.26,PF,1676516555
657,manakara,-22.1333,48.0167,22.48,93,65,0.9,MG,1676516555
658,douglas,41.3,-96.167,-6.3,77,100,8.75,US,1676516315
659,colac,-38.3333,143.5833,35.09,19,100,4.78,AU,1676516556
660,uppsala,60.0,17.75,0.69,93,100,4.12,SE,1676516426
661,hauterive,46.0901,3.4459,4.42,71,32,1.8,FR,1676516501
662,pelym,61.0108,61.9978,-23.83,100,100,0.95,RU,1676516556
663,abu zabad,12.35,29.25,15.04,20,1,8.88,SD,1676516557
664,le havre,49.4938,0.1077,10.51,81,0,4.63,FR,1676516557
665,kaliua,-5.0606,31.7936,18.05,94,74,1.01,TZ,1676516557
666,raudeberg,61.9875,5.1352,5.37,43,100,13.2,NO,1676516558
667,kang,-23.6752,22.7876,20.51,83,100,3.71,BW,1676516558
668,severo-yeniseyskiy,60.3725,93.0408,-20.03,99,99,1.24,RU,1676516559
669,brawley,32.9787,-115.5303,13.14,23,0,1.49,US,1676516410
670,kushiro,42.975,144.3747,-5.47,58,20,5.14,JP,1676516459
671,turinsk,58.0458,63.696,-22.69,100,67,1.55,RU,1676516560
672,pochutla,15.7432,-96.4661,25.46,82,0,1.81,MX,1676516390
673,straumen,63.8709,11.2999,3.0,92,100,1.72,NO,1676516561
674,katherine,-14.4667,132.2667,33.18,55,75,3.09,AU,1676516562
675,canete,-37.8,-73.4,11.59,90,10,3.61,CL,1676516562
676,samarai,-10.6167,150.6667,29.38,71,62,6.3,PG,1676516562
677,lethem,3.3803,-59.7968,25.19,81,99,4.51,GY,1676516562
678,ransang,8.9603,117.5828,28.68,67,100,3.53,PH,1676516563
679,shelburne,44.0787,-80.2041,4.42,91,94,11.51,CA,1676516564
680,sirpur,19.4833,79.6,23.8,23,0,2.32,IN,1676516564
681,noumea,-22.2763,166.4572,28.99,61,98,4.8,NC,1676516565
682,viedma,-40.8135,-62.9967,13.53,51,78,7.93,AR,1676516441
683,yatou,37.15,122.3833,3.49,31,0,2.65,CN,1676516565
684,muros,42.7762,-9.0603,8.42,90,96,2.45,ES,1676516566
685,dori,14.0354,-0.0345,19.01,20,5,5.91,BF,1676516566
686,tarakan,3.3,117.6333,29.72,66,40,3.6,ID,1676516566
687,oum hadjer,13.2954,19.6966,17.0,23,0,5.1,TD,1676516566
688,cabra,37.4725,-4.4421,10.53,73,95,0.6,ES,1676516567
689,kathmandu,27.7167,85.3167,14.35,66,20,1.03,NP,1676516405
690,excelsior springs,39.3392,-94.2261,2.71,76,100,3.09,US,1676516406
691,kaeo,-35.1,173.7833,21.64,72,34,4.2,NZ,1676516567
692,avera,33.194,-82.5271,14.73,75,100,1.61,US,1676516568
693,asosa,10.0667,34.5333,15.41,25,72,3.46,ET,1676516568
694,tuy hoa,13.0833,109.3,24.52,82,20,6.86,VN,1676516568
695,grand-santi,4.25,-54.3833,22.66,100,100,1.06,GF,1676516569
696,cabedelo,-6.9811,-34.8339,27.37,82,100,4.83,BR,1676516569
697,mazatlan,23.2167,-106.4167,18.84,82,74,2.24,MX,1676516490
698,itapuranga,-15.5622,-49.9486,20.75,86,97,0.98,BR,1676516569
699,christchurch,-43.5333,172.6333,21.06,60,75,8.23,NZ,1676516570
700,vila,42.0304,-8.1588,3.49,83,62,1.49,PT,1676516570
701,san ramon de la nueva oran,-23.1322,-64.326,29.68,74,100,3.63,AR,1676516570
702,canico,32.6333,-16.85,15.07,79,40,10.8,PT,1676516571
703,chimbote,-9.0853,-78.5783,23.89,78,100,2.08,PE,1676516572
704,suwannaphum,15.6035,103.8021,27.14,59,99,7.57,TH,1676516572
705,iqaluit,63.7506,-68.5145,-31.15,69,20,4.63,CA,1676516573
706,jieshi,22.8134,115.8257,14.61,62,75,7.64,CN,1676516573
707,amga,60.8953,131.9608,-30.13,94,82,0.29,RU,1676516573
708,porto novo,6.4965,2.6036,27.9,89,38,1.51,BJ,1676516433
709,fayaoue,-20.65,166.5333,26.29,71,93,6.15,NC,1676516574
710,ancud,-41.8697,-73.8203,9.1,69,37,3.35,CL,1676516574
711,karpathos,35.507,27.2132,8.98,66,4,4.63,GR,1676516574
712,laem sing,12.4816,102.0738,28.56,73,30,8.2,TH,1676516574
713,tiznit,29.5833,-9.5,9.2,84,82,0.65,MA,1676516575
714,ontario,34.0633,-117.6509,12.12,34,0,3.13,US,1676516398
715,pueblo nuevo,23.3833,-105.3833,5.55,39,91,2.41,MX,1676516575
716,sambava,-14.2667,50.1667,23.4,91,15,2.17,MG,1676516576
717,polunochnoye,60.8697,60.4153,-21.82,100,98,1.06,RU,1676516576
718,ayan,56.45,138.1667,-17.81,62,4,3.62,RU,1676516576
719,taksimo,56.3444,114.8794,-12.11,87,100,1.06,RU,1676516407
720,balkhash,46.844,74.9804,-19.66,84,8,7.0,KZ,1676516577
721,soyo,-6.1349,12.3689,25.83,82,94,0.67,AO,1676516577
722,port hardy,50.6996,-127.4199,4.1,87,100,10.8,CA,1676516577
723,ayame,5.6083,-3.1563,25.25,87,87,1.22,CI,1676516578
724,san andres,12.5847,-81.7006,27.01,74,20,7.2,CO,1676516578
725,varhaug,58.6147,5.6457,6.75,93,98,4.44,NO,1676516578
